Fund,Balance,Category,Type
001,583661.57,Unrestricted Cash,1. Asset
001,-1144.66,Unrestricted Cash,1. Asset
001,223172.24,Restricted Cash,1. Asset
001,0,Unrestricted Cash,1. Asset
001,0,Unrestricted Cash,1. Asset
001,0,Unrestricted Cash,1. Asset
001,0,Unrestricted Cash,1. Asset
001,0,Unrestricted Cash,1. Asset
001,0,Unrestricted Cash,1. Asset
001,0,Unrestricted Cash,1. Asset
001,0,Unrestricted Cash,1. Asset
001,0,Unrestricted Cash,1. Asset
001,700,Unrestricted Cash,1. Asset
001,0,Unrestricted Cash,1. Asset
001,0,Unrestricted Cash,1. Asset
001,200,Unrestricted Cash,1. Asset
001,0,Unrestricted Cash,1. Asset
001,0,Unrestricted Cash,1. Asset
001,0,Unrestricted Cash,1. Asset
001,979.48,Unrestricted Cash,1. Asset
001,500,Unrestricted Cash,1. Asset
001,0,Unrestricted Cash,1. Asset
001,0,AR Net,1. Asset
001,0,AR Net,1. Asset
001,0,AR Net,1. Asset
001,0,AR Net,1. Asset
001,173.67,AR Net,1. Asset
001,147247.76,AR Net,1. Asset
001,0,AR Net,1. Asset
001,46693.43,AR Net,1. Asset
001,0,AR Net,1. Asset
001,0,AR Net,1. Asset
001,0,AR Net,1. Asset
001,0,AR Net,1. Asset
001,0,AR Net,1. Asset
001,0,AR Net,1. Asset
001,0,AR Net,1. Asset
001,0,AR Net,1. Asset
001,0,AR Net,1. Asset
001,0,AR Net,1. Asset
001,0,AR Net,1. Asset
001,0,AR Net,1. Asset
001,0,AR Net,1. Asset
001,0,AR Net,1. Asset
001,3775870.57,Interfund Balances R,1.1 Asset  - Interfund
001,814759.96,Interfund Balances R,1.1 Asset  - Interfund
001,-23.73,Interfund Balances R,1.1 Asset  - Interfund
001,0,Interfund Balances R,1.1 Asset  - Interfund
001,0,Interfund Balances R,1.1 Asset  - Interfund
001,0,Interfund Balances R,1.1 Asset  - Interfund
001,0,Interfund Balances R,1.1 Asset  - Interfund
001,0,Interfund Balances R,1.1 Asset  - Interfund
001,0,Interfund Balances R,1.1 Asset  - Interfund
001,2100812.82,Interfund Balances R,1.1 Asset  - Interfund
001,0,Interfund Balances R,1.1 Asset  - Interfund
001,0,Interfund Balances R,1.1 Asset  - Interfund
001,0,Interfund Balances R,1.1 Asset  - Interfund
001,72924.24,Interfund Balances R,1.1 Asset  - Interfund
001,0,Interfund Balances R,1.1 Asset  - Interfund
001,3443310.98,Interfund Balances R,1.1 Asset  - Interfund
001,0,Interfund Balances R,1.1 Asset  - Interfund
001,2477527.26,Interfund Balances R,1.1 Asset  - Interfund
001,417629.62,Interfund Balances R,1.1 Asset  - Interfund
001,2541281.98,Interfund Balances R,1.1 Asset  - Interfund
001,1173085.4,Interfund Balances R,1.1 Asset  - Interfund
001,1859339.81,Interfund Balances R,1.1 Asset  - Interfund
001,0,Intergovernmental Rec,1. Asset
001,0,Intergovernmental Rec,1. Asset
001,0,Intergovernmental Rec,1. Asset
001,0,Intergovernmental Rec,1. Asset
001,0,Intergovernmental Rec,1. Asset
001,0,Intergovernmental Rec,1. Asset
001,0,Intergovernmental Rec,1. Asset
001,0,Prepaids and Other,1. Asset
001,0,Inventory,1. Asset
001,0,Inventory,1. Asset
001,0,Inventory,1. Asset
001,0,Inventory,1. Asset
001,0,Prepaids and Other,1. Asset
001,0,Prepaids and Other,1. Asset
001,0,Prepaids and Other,1. Asset
001,0,Prepaids and Other,1. Asset
001,0,Prepaids and Other,1. Asset
001,0,Prepaids and Other,1. Asset
001,0,Prepaids and Other,1. Asset
001,39748.24,Prepaids and Other,1. Asset
001,0,Prepaids and Other,1. Asset
001,0,LAND,1. Asset
001,0,LAND,1. Asset
001,0,LAND,1. Asset
001,0,Buildings Net,1. Asset
001,0,Buildings Net,1. Asset
001,0,Buildings Net,1. Asset
001,0,Infrastructure Net,1. Asset
001,0,Infrastructure Net,1. Asset
001,0,Buildings Net,1. Asset
001,0,Buildings Net,1. Asset
001,0,Buildings Net,1. Asset
001,0,Buildings Net,1. Asset
001,0,Buildings Net,1. Asset
001,0,Buildings Net,1. Asset
001,0,Furniture and Equipment,1. Asset
001,0,Furniture and Equipment,1. Asset
001,0,Furniture and Equipment,1. Asset
001,0,Furniture and Equipment,1. Asset
001,0,Furniture and Equipment,1. Asset
001,0,Furniture and Equipment,1. Asset
001,0,Furniture and Equipment,1. Asset
001,0,Furniture and Equipment,1. Asset
001,0,Furniture and Equipment,1. Asset
001,0,Furniture and Equipment,1. Asset
001,0,Furniture and Equipment,1. Asset
001,0,Furniture and Equipment,1. Asset
001,0,Furniture and Equipment,1. Asset
001,0,Furniture and Equipment,1. Asset
001,0,Furniture and Equipment,1. Asset
001,0,Furniture and Equipment,1. Asset
001,0,Infrastructure Net,1. Asset
001,0,Furniture and Equipment,1. Asset
001,-264024.86,Accounts Payable,2. Liability
001,0,Accounts Payable,2. Liability
001,0,Accounts Payable,2. Liability
001,0,Accounts Payable,2. Liability
001,0,Accounts Payable,2. Liability
001,0,Accounts Payable,2. Liability
001,0,Accounts Payable,2. Liability
001,0,Accounts Payable,2. Liability
001,0,Accounts Payable,2. Liability
001,0,Accounts Payable,2. Liability
001,0,Accounts Payable,2. Liability
001,0,Accounts Payable,2. Liability
001,0,Accounts Payable,2. Liability
001,0,Accounts Payable,2. Liability
001,0,Accounts Payable,2. Liability
001,0,Accounts Payable,2. Liability
001,0,Current Debt,2. Liability
001,0,Interfund Balances P,2.1 Interfund Payable
001,-447876.94,Interfund Balances P,2.1 Interfund Payable
001,-249763.02,Interfund Balances P,2.1 Interfund Payable
001,-410528.82,Interfund Balances P,2.1 Interfund Payable
001,0,Interfund Balances P,2.1 Interfund Payable
001,0,Interfund Balances P,2.1 Interfund Payable
001,0,Interfund Balances P,2.1 Interfund Payable
001,0,Interfund Balances P,2.1 Interfund Payable
001,0,Interfund Balances P,2.1 Interfund Payable
001,0,Interfund Balances P,2.1 Interfund Payable
001,-2044660.89,Interfund Balances P,2.1 Interfund Payable
001,0,Interfund Balances P,2.1 Interfund Payable
001,0,Interfund Balances P,2.1 Interfund Payable
001,0,Interfund Balances P,2.1 Interfund Payable
001,-499112.32,Interfund Balances P,2.1 Interfund Payable
001,-6724167.36,Interfund Balances P,2.1 Interfund Payable
001,0,Interfund Balances P,2.1 Interfund Payable
001,-891486.25,Interfund Balances P,2.1 Interfund Payable
001,-1647571.63,Interfund Balances P,2.1 Interfund Payable
001,-3615318.22,Interfund Balances P,2.1 Interfund Payable
001,-12723.12,Interfund Balances P,2.1 Interfund Payable
001,-479509.75,Interfund Balances P,2.1 Interfund Payable
001,0,Intergovernmental Payables,2. Liability
001,0,Intergovernmental Payables,2. Liability
001,-0.48,Intergovernmental Payables,2. Liability
001,0,Intergovernmental Payables,2. Liability
001,-2946497.29,Intergovernmental Payables,2. Liability
001,0,Compensated Absences,2. Liability
001,0,Accrued Expenses and Other Payables,2. Liability
001,-260591.6,Accrued Expenses and Other Payables,2. Liability
001,-17656.5,Accrued Expenses and Other Payables,2. Liability
001,0,Accrued Expenses and Other Payables,2. Liability
001,0,Accrued Expenses and Other Payables,2. Liability
001,0,Accrued Expenses and Other Payables,2. Liability
001,-125,Accrued Expenses and Other Payables,2. Liability
001,-12960.76,Accrued Expenses and Other Payables,2. Liability
001,-84484.23,Accrued Expenses and Other Payables,2. Liability
001,0,Accrued Expenses and Other Payables,2. Liability
001,-3663,Accrued Expenses and Other Payables,2. Liability
001,0,Accrued Expenses and Other Payables,2. Liability
001,-3713.78,Accrued Expenses and Other Payables,2. Liability
001,-206106.65,Accrued Expenses and Other Payables,2. Liability
001,18819.29,Accrued Expenses and Other Payables,2. Liability
001,72649.89,Accrued Expenses and Other Payables,2. Liability
001,-107311.71,Accrued Expenses and Other Payables,2. Liability
001,74052.87,Accrued Expenses and Other Payables,2. Liability
001,-80,Accrued Expenses and Other Payables,2. Liability
001,315.56,Accrued Expenses and Other Payables,2. Liability
001,35589.02,Accrued Expenses and Other Payables,2. Liability
001,0,Accrued Expenses and Other Payables,2. Liability
001,-11048.5,Accrued Expenses and Other Payables,2. Liability
001,0,Accrued Expenses and Other Payables,2. Liability
001,-32416.44,Accrued Expenses and Other Payables,2. Liability
001,-1854.71,Accrued Expenses and Other Payables,2. Liability
001,0,Deposits,2. Liability
001,0,Deposits,2. Liability
001,0,Deposits,2. Liability
001,0,Deposits,2. Liability
001,0,Deferred Revenue,2. Liability
001,0,Deferred Revenue,2. Liability
001,0,Deferred Revenue,2. Liability
001,0,Deferred Revenue,2. Liability
001,0,Deferred Revenue,2. Liability
001,0,Long Term Debt,2. Liability
001,0,Long Term Debt,2. Liability
001,0,Accrued Expenses and Other Payables,2. Liability
001,567.5,Accrued Expenses and Other Payables,2. Liability
001,-15835747.61,Beg Fund Balances,3.1 Equity Budget
001,15835747.61,Beg Fund Balances,3.1 Equity Budget
001,527183.34,Beg Fund Balances,3.2 Equity Encumbance
001,0,Beg Fund Balances,3.2 Equity Encumbance
001,-48709,Beg Fund Balances,3. Equity
001,-527183.34,Beg Fund Balances,3.2 Equity Encumbance
001,0,Beg Fund Balances,3.2 Equity Encumbance
001,0,Beg Fund Balances,3. Equity
001,580834.89,Beg Fund Balances,3. Equity
001,3787374.65,Beg Fund Balances,3. Equity
001,0,Beg Fund Balances,3. Equity
001,48702.7,Beg Fund Balances,3.1 Equity Budget
001,-839770.89,Beg Fund Balances,3. Equity
001,-7881383.99,Property taxes,4. Revenue
001,0,"Local option, use and fuel taxes",4. Revenue
001,0,"Local option, use and fuel taxes",4. Revenue
001,0,"Local option, use and fuel taxes",4. Revenue
001,-1230477.91,Franchise fees,4. Revenue
001,0,Franchise fees,4. Revenue
001,-192404.22,Franchise fees,4. Revenue
001,-522369.08,Franchise fees,4. Revenue
001,0,Franchise fees,4. Revenue
001,0,Franchise fees,4. Revenue
001,0,Franchise fees,4. Revenue
001,-3600,Franchise fees,4. Revenue
001,0,Franchise fees,4. Revenue
001,0,Utility taxes,4. Revenue
001,0,Utility taxes,4. Revenue
001,-1879.09,Utility taxes,4. Revenue
001,0,Utility taxes,4. Revenue
001,-75596.28,Utility taxes,4. Revenue
001,-269642.41,Local business taxes,4. Revenue
001,-3931,Local business taxes,4. Revenue
001,-11270.12,Local business taxes,4. Revenue
001,-354340.89,Permits and fees,4. Revenue
001,0,Permits and fees,4. Revenue
001,-26582.43,Permits and fees,4. Revenue
001,-17034.26,Permits and fees,4. Revenue
001,-15043.63,Permits and fees,4. Revenue
001,-500,Permits and fees,4. Revenue
001,-5455,Permits and fees,4. Revenue
001,-211617.37,Permits and fees,4. Revenue
001,-60740.55,Permits and fees,4. Revenue
001,-2400,Permits and fees,4. Revenue
001,0,Permits and fees,4. Revenue
001,0,Intergovernmental,4. Revenue
001,0,Intergovernmental,4. Revenue
001,0,Intergovernmental,4. Revenue
001,0,Intergovernmental,4. Revenue
001,0,Intergovernmental,4. Revenue
001,-167180.18,Intergovernmental,4. Revenue
001,0,Intergovernmental,4. Revenue
001,0,Intergovernmental,4. Revenue
001,0,Intergovernmental,4. Revenue
001,0,Intergovernmental,4. Revenue
001,0,Intergovernmental,4. Revenue
001,0,Intergovernmental,4. Revenue
001,0,Intergovernmental,4. Revenue
001,0,Intergovernmental,4. Revenue
001,0,Intergovernmental,4. Revenue
001,0,Intergovernmental,4. Revenue
001,0,Intergovernmental,4. Revenue
001,0,Intergovernmental,4. Revenue
001,0,Intergovernmental,4. Revenue
001,0,Intergovernmental,4. Revenue
001,0,Intergovernmental,4. Revenue
001,0,Intergovernmental,4. Revenue
001,0,Intergovernmental,4. Revenue
001,0,Intergovernmental,4. Revenue
001,0,Intergovernmental,4. Revenue
001,0,Intergovernmental,4. Revenue
001,0,Intergovernmental,4. Revenue
001,0,Intergovernmental,4. Revenue
001,0,Intergovernmental,4. Revenue
001,0,Intergovernmental,4. Revenue
001,-6240.36,Intergovernmental,4. Revenue
001,0,Intergovernmental,4. Revenue
001,0,Intergovernmental,4. Revenue
001,-70176,Intergovernmental,4. Revenue
001,-41294.23,Charges for Services,4. Revenue
001,-24562.41,Charges for Services,4. Revenue
001,0,Charges for Services,4. Revenue
001,0,Charges for Services,4. Revenue
001,-49700,Charges for Services,4. Revenue
001,0,Charges for Services,4. Revenue
001,0,Charges for Services,4. Revenue
001,-5458.97,Charges for Services,4. Revenue
001,-173.1,Charges for Services,4. Revenue
001,-20090.27,Charges for Services,4. Revenue
001,0,Charges for Services,4. Revenue
001,-65645,Charges for Services,4. Revenue
001,0,Charges for Services,4. Revenue
001,-96,Charges for Services,4. Revenue
001,1500.75,Charges for Services,4. Revenue
001,0,Charges for Services,4. Revenue
001,0,Charges for Services,4. Revenue
001,0,Charges for Services,4. Revenue
001,0,Charges for Services,4. Revenue
001,-4945,Charges for Services,4. Revenue
001,-4895,Charges for Services,4. Revenue
001,-2825,Charges for Services,4. Revenue
001,0,Charges for Services,4. Revenue
001,0,Charges for Services,4. Revenue
001,-1305,Charges for Services,4. Revenue
001,-207,Charges for Services,4. Revenue
001,0,Charges for Services,4. Revenue
001,0,Charges for Services,4. Revenue
001,-288504.74,Fines and Forfeitures,4. Revenue
001,-12645.82,Fines and Forfeitures,4. Revenue
001,0,Fines and Forfeitures,4. Revenue
001,0,Fines and Forfeitures,4. Revenue
001,-4929,Fines and Forfeitures,4. Revenue
001,-4933,Fines and Forfeitures,4. Revenue
001,-2339.16,Fines and Forfeitures,4. Revenue
001,0,Fines and Forfeitures,4. Revenue
001,-25,Fines and Forfeitures,4. Revenue
001,-875,Fines and Forfeitures,4. Revenue
001,0,Fines and Forfeitures,4. Revenue
001,-2418.4,Fines and Forfeitures,4. Revenue
001,0,Fines and Forfeitures,4. Revenue
001,-1611429.78,Fines and Forfeitures,4. Revenue
001,0,Fines and Forfeitures,4. Revenue
001,-100,Fines and Forfeitures,4. Revenue
001,0,Interest,4. Revenue
001,0,Other,4. Revenue
001,0,Other,4. Revenue
001,-10145,Other,4. Revenue
001,-43881.99,Other,4. Revenue
001,0,Other,4. Revenue
001,0,Other,4. Revenue
001,0,Other,4. Revenue
001,0,Other,4. Revenue
001,0,Other,4. Revenue
001,0,Other,4. Revenue
001,0,Other,4. Revenue
001,0,Other,4. Revenue
001,0,Other,4. Revenue
001,0,Other,4. Revenue
001,0,Other,4. Revenue
001,0,Other,4. Revenue
001,0,Other,4. Revenue
001,0,Other,4. Revenue
001,0,Other,4. Revenue
001,0,Other,4. Revenue
001,0,Other,4. Revenue
001,0,Other,4. Revenue
001,0,Other,4. Revenue
001,0,Other,4. Revenue
001,0,Other,4. Revenue
001,-8770.07,Other,4. Revenue
001,0,Other,4. Revenue
001,0,Other,4. Revenue
001,-550,Other,4. Revenue
001,-3450,Other,4. Revenue
001,0,Other,4. Revenue
001,0,Other,4. Revenue
001,0,Other,4. Revenue
001,0,Other,4. Revenue
001,0,Other,4. Revenue
001,0,Other,4. Revenue
001,-27589.64,Other,4. Revenue
001,-164,Other,4. Revenue
001,-53610.98,Other,4. Revenue
001,0,Other,4. Revenue
001,0,Other,4. Revenue
001,0,Transfer In,6. Transfers In
001,0,Transfer In,6. Transfers In
001,0,Transfer In,6. Transfers In
001,0,Transfer In,6. Transfers In
001,-654956.84,Transfer In,6. Transfers In
001,0,Transfer In,6. Transfers In
001,0,Transfer In,6. Transfers In
001,0,Transfer In,6. Transfers In
001,0,Transfers In,4. Revenue
001,0,Transfers In,4. Revenue
001,0,Transfers In,4. Revenue
001,0,Debt proceeds,4. Revenue
001,0,Other,4. Revenue
001,0,Other,4. Revenue
001,0,Other,4. Revenue
001,0,Transfer In,6. Transfers In
001,0,Other,4. Revenue
001,0,Other,4. Revenue
001,0,Other,4. Revenue
001,0,Other,4. Revenue
001,35750,Expenditures - Dept 51 - General Gov,5. Expense
001,0,Expenditures - Dept 51 - General Gov,5. Expense
001,2734.56,Expenditures - Dept 51 - General Gov,5. Expense
001,11462.51,Expenditures - Dept 51 - General Gov,5. Expense
001,40396.12,Expenditures - Dept 51 - General Gov,5. Expense
001,0,Expenditures - Dept 51 - General Gov,5. Expense
001,0,Expenditures - Dept 51 - General Gov,5. Expense
001,15650.06,Expenditures - Dept 51 - General Gov,5. Expense
001,0,Expenditures - Dept 51 - General Gov,5. Expense
001,0,Expenditures - Dept 51 - General Gov,5. Expense
001,0,Expenditures - Dept 51 - General Gov,5. Expense
001,0,Expenditures - Dept 51 - General Gov,5. Expense
001,0,Expenditures - Dept 51 - General Gov,5. Expense
001,0,Expenditures - Dept 51 - General Gov,5. Expense
001,0,Expenditures - Dept 51 - General Gov,5. Expense
001,0,Expenditures - Dept 51 - General Gov,5. Expense
001,500,Expenditures - Dept 51 - General Gov,5. Expense
001,39,Expenditures - Dept 51 - General Gov,5. Expense
001,5075.84,Expenditures - Dept 51 - General Gov,5. Expense
001,0,Expenditures - Dept 51 - General Gov,5. Expense
001,2000,Expenditures - Dept 51 - General Gov,5. Expense
001,0,Expenditures - Dept 51 - General Gov,5. Expense
001,198113.6,Expenditures - Dept 51 - General Gov,5. Expense
001,102360.7,Expenditures - Dept 51 - General Gov,5. Expense
001,0,Expenditures - Dept 51 - General Gov,5. Expense
001,0,Expenditures - Dept 51 - General Gov,5. Expense
001,21722.16,Expenditures - Dept 51 - General Gov,5. Expense
001,25043.2,Expenditures - Dept 51 - General Gov,5. Expense
001,29187.64,Expenditures - Dept 51 - General Gov,5. Expense
001,0,Expenditures - Dept 51 - General Gov,5. Expense
001,804.16,Expenditures - Dept 51 - General Gov,5. Expense
001,392.84,Expenditures - Dept 51 - General Gov,5. Expense
001,0,Expenditures - Dept 51 - General Gov,5. Expense
001,0,Expenditures - Dept 51 - General Gov,5. Expense
001,0,Expenditures - Dept 51 - General Gov,5. Expense
001,0,Expenditures - Dept 51 - General Gov,5. Expense
001,1661.52,Expenditures - Dept 51 - General Gov,5. Expense
001,2591.73,Expenditures - Dept 51 - General Gov,5. Expense
001,0,Expenditures - Dept 51 - General Gov,5. Expense
001,0,Expenditures - Dept 51 - General Gov,5. Expense
001,0,Expenditures - Dept 51 - General Gov,5. Expense
001,0,Expenditures - Dept 51 - General Gov,5. Expense
001,69300.05,Expenditures - Dept 51 - General Gov,5. Expense
001,57393.86,Expenditures - Dept 51 - General Gov,5. Expense
001,18.68,Expenditures - Dept 51 - General Gov,5. Expense
001,9369.35,Expenditures - Dept 51 - General Gov,5. Expense
001,8610.27,Expenditures - Dept 51 - General Gov,5. Expense
001,14223.79,Expenditures - Dept 51 - General Gov,5. Expense
001,13197.69,Expenditures - Dept 51 - General Gov,5. Expense
001,0,Expenditures - Dept 51 - General Gov,5. Expense
001,74940.67,Expenditures - Dept 51 - General Gov,5. Expense
001,150,Expenditures - Dept 51 - General Gov,5. Expense
001,258.29,Expenditures - Dept 51 - General Gov,5. Expense
001,11580.74,Expenditures - Dept 51 - General Gov,5. Expense
001,0,Expenditures - Dept 51 - General Gov,5. Expense
001,0,Expenditures - Dept 51 - General Gov,5. Expense
001,0,Expenditures - Dept 51 - General Gov,5. Expense
001,0,Expenditures - Dept 51 - General Gov,5. Expense
001,0,Expenditures - Dept 51 - General Gov,5. Expense
001,1391.31,Expenditures - Dept 51 - General Gov,5. Expense
001,37.95,Expenditures - Dept 51 - General Gov,5. Expense
001,0,Expenditures - Dept 51 - General Gov,5. Expense
001,2250,Expenditures - Dept 51 - General Gov,5. Expense
001,1950,Expenditures - Dept 51 - General Gov,5. Expense
001,1497,Expenditures - Dept 51 - General Gov,5. Expense
001,0,Expenditures - Dept 51 - General Gov,5. Expense
001,0,Expenditures - Dept 51 - General Gov,5. Expense
001,0,Expenditures - Dept 51 - General Gov,5. Expense
001,0,Expenditures - Dept 51 - General Gov,5. Expense
001,0,Expenditures - Dept 51 - General Gov,5. Expense
001,0,Expenditures - Dept 51 - General Gov,5. Expense
001,0,Expenditures - Dept 51 - General Gov,5. Expense
001,0,Expenditures - Dept 51 - General Gov,5. Expense
001,0,Expenditures - Dept 51 - General Gov,5. Expense
001,0,Expenditures - Dept 51 - General Gov,5. Expense
001,76500.07,Expenditures - Dept 51 - General Gov,5. Expense
001,106202.36,Expenditures - Dept 51 - General Gov,5. Expense
001,0,Expenditures - Dept 51 - General Gov,5. Expense
001,0,Expenditures - Dept 51 - General Gov,5. Expense
001,13630.02,Expenditures - Dept 51 - General Gov,5. Expense
001,38675.26,Expenditures - Dept 51 - General Gov,5. Expense
001,20539.81,Expenditures - Dept 51 - General Gov,5. Expense
001,7544.26,Expenditures - Dept 51 - General Gov,5. Expense
001,0,Expenditures - Dept 51 - General Gov,5. Expense
001,523.23,Expenditures - Dept 51 - General Gov,5. Expense
001,8390.21,Expenditures - Dept 51 - General Gov,5. Expense
001,0,Expenditures - Dept 51 - General Gov,5. Expense
001,0,Expenditures - Dept 51 - General Gov,5. Expense
001,0,Expenditures - Dept 51 - General Gov,5. Expense
001,0,Expenditures - Dept 51 - General Gov,5. Expense
001,0,Expenditures - Dept 51 - General Gov,5. Expense
001,39330,Expenditures - Dept 51 - General Gov,5. Expense
001,0,Expenditures - Dept 51 - General Gov,5. Expense
001,3013.02,Expenditures - Dept 51 - General Gov,5. Expense
001,0,Expenditures - Dept 51 - General Gov,5. Expense
001,15020.4,Expenditures - Dept 51 - General Gov,5. Expense
001,425.54,Expenditures - Dept 51 - General Gov,5. Expense
001,387,Expenditures - Dept 51 - General Gov,5. Expense
001,961.78,Expenditures - Dept 51 - General Gov,5. Expense
001,47095.08,Expenditures - Dept 51 - General Gov,5. Expense
001,288002.51,Expenditures - Dept 51 - General Gov,5. Expense
001,0,Expenditures - Dept 51 - General Gov,5. Expense
001,25037.99,Expenditures - Dept 51 - General Gov,5. Expense
001,28126.46,Expenditures - Dept 51 - General Gov,5. Expense
001,31569.76,Expenditures - Dept 51 - General Gov,5. Expense
001,0,Expenditures - Dept 51 - General Gov,5. Expense
001,0,Expenditures - Dept 51 - General Gov,5. Expense
001,37741.5,Expenditures - Dept 51 - General Gov,5. Expense
001,222877.56,Expenditures - Dept 51 - General Gov,5. Expense
001,1362.3,Expenditures - Dept 51 - General Gov,5. Expense
001,16472.48,Expenditures - Dept 51 - General Gov,5. Expense
001,80,Expenditures - Dept 51 - General Gov,5. Expense
001,0,Expenditures - Dept 51 - General Gov,5. Expense
001,0,Expenditures - Dept 51 - General Gov,5. Expense
001,0,Expenditures - Dept 51 - General Gov,5. Expense
001,4170.11,Expenditures - Dept 51 - General Gov,5. Expense
001,1594.47,Expenditures - Dept 51 - General Gov,5. Expense
001,0,Expenditures - Dept 51 - General Gov,5. Expense
001,0,Expenditures - Dept 51 - General Gov,5. Expense
001,0,Expenditures - Dept 51 - General Gov,5. Expense
001,0,Expenditures - Dept 51 - General Gov,5. Expense
001,0,Expenditures - Dept 51 - General Gov,5. Expense
001,0,Expenditures - Dept 51 - General Gov,5. Expense
001,9109.19,Expenditures - Dept 51 - General Gov,5. Expense
001,43841.84,Expenditures - Dept 51 - General Gov,5. Expense
001,0,Expenditures - Dept 51 - General Gov,5. Expense
001,0,Expenditures - Dept 51 - General Gov,5. Expense
001,0,Expenditures - Dept 51 - General Gov,5. Expense
001,0,Expenditures - Dept 51 - General Gov,5. Expense
001,0,Expenditures - Dept 51 - General Gov,5. Expense
001,259571.42,Expenditures - Dept 51 - General Gov,5. Expense
001,42165.83,Expenditures - Dept 51 - General Gov,5. Expense
001,0,Expenditures - Dept 51 - General Gov,5. Expense
001,0,Expenditures - Dept 51 - General Gov,5. Expense
001,0,Expenditures - Dept 51 - General Gov,5. Expense
001,0,Expenditures - Dept 51 - General Gov,5. Expense
001,2168.94,Expenditures - Dept 51 - General Gov,5. Expense
001,0,Expenditures - Dept 51 - General Gov,5. Expense
001,0,Expenditures - Dept 51 - General Gov,5. Expense
001,4354,Expenditures - Dept 51 - General Gov,5. Expense
001,375,Expenditures - Dept 51 - General Gov,5. Expense
001,360.99,Expenditures - Dept 51 - General Gov,5. Expense
001,0,Expenditures - Dept 51 - General Gov,5. Expense
001,67993.75,Expenditures - Dept 51 - General Gov,5. Expense
001,140170.71,Expenditures - Dept 51 - General Gov,5. Expense
001,0,Expenditures - Dept 51 - General Gov,5. Expense
001,0,Expenditures - Dept 51 - General Gov,5. Expense
001,2537.68,Expenditures - Dept 51 - General Gov,5. Expense
001,304656.57,Expenditures - Dept 52 - Public Safety,5. Expense
001,12257.85,Expenditures - Dept 52 - Public Safety,5. Expense
001,0,Expenditures - Dept 52 - Public Safety,5. Expense
001,25018.6,Expenditures - Dept 52 - Public Safety,5. Expense
001,82210.26,Expenditures - Dept 52 - Public Safety,5. Expense
001,33894.58,Expenditures - Dept 52 - Public Safety,5. Expense
001,0,Expenditures - Dept 52 - Public Safety,5. Expense
001,0,Expenditures - Dept 52 - Public Safety,5. Expense
001,0,Expenditures - Dept 52 - Public Safety,5. Expense
001,0,Expenditures - Dept 52 - Public Safety,5. Expense
001,0,Expenditures - Dept 52 - Public Safety,5. Expense
001,0,Expenditures - Dept 52 - Public Safety,5. Expense
001,0,Expenditures - Dept 52 - Public Safety,5. Expense
001,0,Expenditures - Dept 52 - Public Safety,5. Expense
001,1650,Expenditures - Dept 52 - Public Safety,5. Expense
001,0,Expenditures - Dept 52 - Public Safety,5. Expense
001,0,Expenditures - Dept 52 - Public Safety,5. Expense
001,0,Expenditures - Dept 52 - Public Safety,5. Expense
001,2463905.56,Expenditures - Dept 52 - Public Safety,5. Expense
001,60080.74,Expenditures - Dept 52 - Public Safety,5. Expense
001,0,Expenditures - Dept 52 - Public Safety,5. Expense
001,188867.41,Expenditures - Dept 52 - Public Safety,5. Expense
001,569980.42,Expenditures - Dept 52 - Public Safety,5. Expense
001,244436.13,Expenditures - Dept 52 - Public Safety,5. Expense
001,0,Expenditures - Dept 52 - Public Safety,5. Expense
001,0,Expenditures - Dept 52 - Public Safety,5. Expense
001,0,Expenditures - Dept 52 - Public Safety,5. Expense
001,0,Expenditures - Dept 52 - Public Safety,5. Expense
001,0,Expenditures - Dept 52 - Public Safety,5. Expense
001,0,Expenditures - Dept 52 - Public Safety,5. Expense
001,0,Expenditures - Dept 52 - Public Safety,5. Expense
001,0,Expenditures - Dept 52 - Public Safety,5. Expense
001,368,Expenditures - Dept 52 - Public Safety,5. Expense
001,16603.08,Expenditures - Dept 52 - Public Safety,5. Expense
001,755,Expenditures - Dept 52 - Public Safety,5. Expense
001,0,Expenditures - Dept 52 - Public Safety,5. Expense
001,50904.17,Expenditures - Dept 52 - Public Safety,5. Expense
001,0,Expenditures - Dept 52 - Public Safety,5. Expense
001,0,Expenditures - Dept 52 - Public Safety,5. Expense
001,53011.46,Expenditures - Dept 52 - Public Safety,5. Expense
001,0,Expenditures - Dept 52 - Public Safety,5. Expense
001,0,Expenditures - Dept 52 - Public Safety,5. Expense
001,0,Expenditures - Dept 52 - Public Safety,5. Expense
001,6706.13,Expenditures - Dept 52 - Public Safety,5. Expense
001,241968.65,Expenditures - Dept 52 - Public Safety,5. Expense
001,1251.05,Expenditures - Dept 52 - Public Safety,5. Expense
001,18110.8,Expenditures - Dept 52 - Public Safety,5. Expense
001,17214.33,Expenditures - Dept 52 - Public Safety,5. Expense
001,34705.74,Expenditures - Dept 52 - Public Safety,5. Expense
001,0,Expenditures - Dept 52 - Public Safety,5. Expense
001,0,Expenditures - Dept 52 - Public Safety,5. Expense
001,0,Expenditures - Dept 52 - Public Safety,5. Expense
001,7855.31,Expenditures - Dept 52 - Public Safety,5. Expense
001,-1.81899E-12,Expenditures - Dept 52 - Public Safety,5. Expense
001,0,Expenditures - Dept 52 - Public Safety,5. Expense
001,0,Expenditures - Dept 52 - Public Safety,5. Expense
001,0,Expenditures - Dept 52 - Public Safety,5. Expense
001,0,Expenditures - Dept 52 - Public Safety,5. Expense
001,2571.43,Expenditures - Dept 52 - Public Safety,5. Expense
001,983.5,Expenditures - Dept 52 - Public Safety,5. Expense
001,0,Expenditures - Dept 52 - Public Safety,5. Expense
001,2613.82,Expenditures - Dept 52 - Public Safety,5. Expense
001,0,Expenditures - Dept 52 - Public Safety,5. Expense
001,0,Expenditures - Dept 52 - Public Safety,5. Expense
001,0,Expenditures - Dept 52 - Public Safety,5. Expense
001,84650.15,Expenditures - Dept 52 - Public Safety,5. Expense
001,160940.16,Expenditures - Dept 52 - Public Safety,5. Expense
001,46339.58,Expenditures - Dept 52 - Public Safety,5. Expense
001,13964.29,Expenditures - Dept 52 - Public Safety,5. Expense
001,3850.16,Expenditures - Dept 52 - Public Safety,5. Expense
001,15108.61,Expenditures - Dept 52 - Public Safety,5. Expense
001,0,Expenditures - Dept 52 - Public Safety,5. Expense
001,1.93268E-12,Expenditures - Dept 52 - Public Safety,5. Expense
001,0,Expenditures - Dept 52 - Public Safety,5. Expense
001,0,Expenditures - Dept 52 - Public Safety,5. Expense
001,0,Expenditures - Dept 52 - Public Safety,5. Expense
001,450,Expenditures - Dept 52 - Public Safety,5. Expense
001,0,Expenditures - Dept 52 - Public Safety,5. Expense
001,0,Expenditures - Dept 52 - Public Safety,5. Expense
001,0,Expenditures - Dept 52 - Public Safety,5. Expense
001,0,Expenditures - Dept 52 - Public Safety,5. Expense
001,266480.74,Expenditures - Dept 51 - General Gov,5. Expense
001,428798.15,Expenditures - Dept 51 - General Gov,5. Expense
001,0,Expenditures - Dept 51 - General Gov,5. Expense
001,0,Expenditures - Dept 51 - General Gov,5. Expense
001,0,Expenditures - Dept 51 - General Gov,5. Expense
001,0,Expenditures - Dept 52 - Public Safety,5. Expense
001,113711.59,Expenditures - Dept 52 - Public Safety,5. Expense
001,70502.86,Expenditures - Dept 52 - Public Safety,5. Expense
001,63231.78,Expenditures - Dept 52 - Public Safety,5. Expense
001,0,Expenditures - Dept 52 - Public Safety,5. Expense
001,17082.24,Expenditures - Dept 52 - Public Safety,5. Expense
001,22688.81,Expenditures - Dept 52 - Public Safety,5. Expense
001,28280.64,Expenditures - Dept 52 - Public Safety,5. Expense
001,0,Expenditures - Dept 52 - Public Safety,5. Expense
001,2539.22,Expenditures - Dept 52 - Public Safety,5. Expense
001,14592.22,Expenditures - Dept 52 - Public Safety,5. Expense
001,0,Expenditures - Dept 52 - Public Safety,5. Expense
001,0,Expenditures - Dept 52 - Public Safety,5. Expense
001,0,Expenditures - Dept 52 - Public Safety,5. Expense
001,0,Expenditures - Dept 52 - Public Safety,5. Expense
001,1601.28,Expenditures - Dept 52 - Public Safety,5. Expense
001,1951.77,Expenditures - Dept 52 - Public Safety,5. Expense
001,0,Expenditures - Dept 52 - Public Safety,5. Expense
001,4155.5,Expenditures - Dept 52 - Public Safety,5. Expense
001,4780.56,Expenditures - Dept 52 - Public Safety,5. Expense
001,108000.06,Expenditures - Dept 54 - Transportation,5. Expense
001,71042.61,Expenditures - Dept 54 - Transportation,5. Expense
001,0,Expenditures - Dept 54 - Transportation,5. Expense
001,15026.65,Expenditures - Dept 54 - Transportation,5. Expense
001,12892.44,Expenditures - Dept 54 - Transportation,5. Expense
001,19739.92,Expenditures - Dept 54 - Transportation,5. Expense
001,57,Expenditures - Dept 54 - Transportation,5. Expense
001,0,Expenditures - Dept 54 - Transportation,5. Expense
001,0,Expenditures - Dept 54 - Transportation,5. Expense
001,864.54,Expenditures - Dept 54 - Transportation,5. Expense
001,0,Expenditures - Dept 54 - Transportation,5. Expense
001,0,Expenditures - Dept 54 - Transportation,5. Expense
001,0,Expenditures - Dept 54 - Transportation,5. Expense
001,0,Expenditures - Dept 54 - Transportation,5. Expense
001,73.66,Expenditures - Dept 54 - Transportation,5. Expense
001,1595.46,Expenditures - Dept 54 - Transportation,5. Expense
001,0,Expenditures - Dept 54 - Transportation,5. Expense
001,4355.57,Expenditures - Dept 54 - Transportation,5. Expense
001,124030.38,Expenditures - Dept 52 - Public Safety,5. Expense
001,102359.31,Expenditures - Dept 52 - Public Safety,5. Expense
001,10251.17,Expenditures - Dept 52 - Public Safety,5. Expense
001,17759.34,Expenditures - Dept 52 - Public Safety,5. Expense
001,36754.94,Expenditures - Dept 52 - Public Safety,5. Expense
001,19984.89,Expenditures - Dept 52 - Public Safety,5. Expense
001,0,Expenditures - Dept 52 - Public Safety,5. Expense
001,2359.3,Expenditures - Dept 52 - Public Safety,5. Expense
001,0,Expenditures - Dept 52 - Public Safety,5. Expense
001,9982.54,Expenditures - Dept 52 - Public Safety,5. Expense
001,9225.26,Expenditures - Dept 52 - Public Safety,5. Expense
001,0,Expenditures - Dept 52 - Public Safety,5. Expense
001,0,Expenditures - Dept 52 - Public Safety,5. Expense
001,0,Expenditures - Dept 52 - Public Safety,5. Expense
001,0,Expenditures - Dept 52 - Public Safety,5. Expense
001,0,Expenditures - Dept 52 - Public Safety,5. Expense
001,0,Expenditures - Dept 52 - Public Safety,5. Expense
001,0,Expenditures - Dept 52 - Public Safety,5. Expense
001,6475.79,Expenditures - Dept 52 - Public Safety,5. Expense
001,1199.7,Expenditures - Dept 52 - Public Safety,5. Expense
001,600,Expenditures - Dept 52 - Public Safety,5. Expense
001,65804.93,Expenditures - Dept 52 - Public Safety,5. Expense
001,0,Expenditures - Dept 52 - Public Safety,5. Expense
001,0,Expenditures - Dept 52 - Public Safety,5. Expense
001,0,Expenditures - Dept 52 - Public Safety,5. Expense
001,0,Expenditures - Dept 52 - Public Safety,5. Expense
001,185130.15,Expenditures - Dept 52 - Public Safety,5. Expense
001,0,Expenditures - Dept 52 - Public Safety,5. Expense
001,70701.94,Expenditures - Dept 51 - General Gov,5. Expense
001,123718.17,Expenditures - Dept 51 - General Gov,5. Expense
001,154.55,Expenditures - Dept 51 - General Gov,5. Expense
001,11011.52,Expenditures - Dept 51 - General Gov,5. Expense
001,13723.07,Expenditures - Dept 51 - General Gov,5. Expense
001,33012.23,Expenditures - Dept 51 - General Gov,5. Expense
001,0,Expenditures - Dept 51 - General Gov,5. Expense
001,5361.36,Expenditures - Dept 51 - General Gov,5. Expense
001,2.72848E-12,Expenditures - Dept 51 - General Gov,5. Expense
001,0,Expenditures - Dept 51 - General Gov,5. Expense
001,0,Expenditures - Dept 51 - General Gov,5. Expense
001,0,Expenditures - Dept 51 - General Gov,5. Expense
001,57,Expenditures - Dept 51 - General Gov,5. Expense
001,878.15,Expenditures - Dept 51 - General Gov,5. Expense
001,0,Expenditures - Dept 51 - General Gov,5. Expense
001,0,Expenditures - Dept 51 - General Gov,5. Expense
001,0,Expenditures - Dept 51 - General Gov,5. Expense
001,2684.04,Expenditures - Dept 51 - General Gov,5. Expense
001,4158.15,Expenditures - Dept 51 - General Gov,5. Expense
001,200455.3,Expenditures - Dept 54 - Transportation,5. Expense
001,161997.69,Expenditures - Dept 54 - Transportation,5. Expense
001,2014.97,Expenditures - Dept 54 - Transportation,5. Expense
001,12015.84,Expenditures - Dept 54 - Transportation,5. Expense
001,20267.65,Expenditures - Dept 54 - Transportation,5. Expense
001,24576.06,Expenditures - Dept 54 - Transportation,5. Expense
001,0,Expenditures - Dept 54 - Transportation,5. Expense
001,0,Expenditures - Dept 54 - Transportation,5. Expense
001,231.32,Expenditures - Dept 54 - Transportation,5. Expense
001,0,Expenditures - Dept 54 - Transportation,5. Expense
001,0,Expenditures - Dept 54 - Transportation,5. Expense
001,0,Expenditures - Dept 54 - Transportation,5. Expense
001,0,Expenditures - Dept 54 - Transportation,5. Expense
001,89233.46,Expenditures - Dept 54 - Transportation,5. Expense
001,0,Expenditures - Dept 54 - Transportation,5. Expense
001,0,Expenditures - Dept 54 - Transportation,5. Expense
001,19760.72,Expenditures - Dept 54 - Transportation,5. Expense
001,0,Expenditures - Dept 54 - Transportation,5. Expense
001,0,Expenditures - Dept 54 - Transportation,5. Expense
001,0,Expenditures - Dept 54 - Transportation,5. Expense
001,190674.53,Expenditures - Dept 54 - Transportation,5. Expense
001,5628.64,Expenditures - Dept 54 - Transportation,5. Expense
001,14604.17,Expenditures - Dept 54 - Transportation,5. Expense
001,17478.34,Expenditures - Dept 54 - Transportation,5. Expense
001,23292.54,Expenditures - Dept 54 - Transportation,5. Expense
001,0,Expenditures - Dept 54 - Transportation,5. Expense
001,186184.72,Expenditures - Dept 54 - Transportation,5. Expense
001,875.14,Expenditures - Dept 54 - Transportation,5. Expense
001,19974,Expenditures - Dept 54 - Transportation,5. Expense
001,0,Expenditures - Dept 54 - Transportation,5. Expense
001,0,Expenditures - Dept 54 - Transportation,5. Expense
001,0,Expenditures - Dept 54 - Transportation,5. Expense
001,1679.69,Expenditures - Dept 54 - Transportation,5. Expense
001,2646.07,Expenditures - Dept 54 - Transportation,5. Expense
001,742.14,Expenditures - Dept 54 - Transportation,5. Expense
001,0,Expenditures - Dept 54 - Transportation,5. Expense
001,6506.76,Expenditures - Dept 54 - Transportation,5. Expense
001,6970.36,Expenditures - Dept 54 - Transportation,5. Expense
001,48161.94,Expenditures - Dept 54 - Transportation,5. Expense
001,0,Expenditures - Dept 54 - Transportation,5. Expense
001,0,Expenditures - Dept 57 - Culture & Rec,5. Expense
001,140281.68,Expenditures - Dept 54 - Transportation,5. Expense
001,0,Expenditures - Dept 54 - Transportation,5. Expense
001,10578.82,Expenditures - Dept 54 - Transportation,5. Expense
001,11655.13,Expenditures - Dept 54 - Transportation,5. Expense
001,14780.85,Expenditures - Dept 54 - Transportation,5. Expense
001,49751.54,Expenditures - Dept 54 - Transportation,5. Expense
001,725.45,Expenditures - Dept 54 - Transportation,5. Expense
001,588.93,Expenditures - Dept 54 - Transportation,5. Expense
001,0,Expenditures - Dept 54 - Transportation,5. Expense
001,0,Expenditures - Dept 54 - Transportation,5. Expense
001,363094.54,Expenditures - Dept 54 - Transportation,5. Expense
001,410.95,Expenditures - Dept 54 - Transportation,5. Expense
001,239.49,Expenditures - Dept 54 - Transportation,5. Expense
001,80263.83,Expenditures - Dept 54 - Transportation,5. Expense
001,26808.96,Expenditures - Dept 54 - Transportation,5. Expense
001,1397.38,Expenditures - Dept 54 - Transportation,5. Expense
001,1754.96,Expenditures - Dept 54 - Transportation,5. Expense
001,127976.55,Expenditures - Dept 53 -  Utilities,5. Expense
001,70304,Expenditures - Dept 57 - Culture & Rec,5. Expense
001,196001.61,Expenditures - Dept 57 - Culture & Rec,5. Expense
001,9942.6,Expenditures - Dept 57 - Culture & Rec,5. Expense
001,0,Expenditures - Dept 57 - Culture & Rec,5. Expense
001,20022.85,Expenditures - Dept 57 - Culture & Rec,5. Expense
001,23007.17,Expenditures - Dept 57 - Culture & Rec,5. Expense
001,46029.42,Expenditures - Dept 57 - Culture & Rec,5. Expense
001,0,Expenditures - Dept 57 - Culture & Rec,5. Expense
001,0,Expenditures - Dept 57 - Culture & Rec,5. Expense
001,8170.53,Expenditures - Dept 57 - Culture & Rec,5. Expense
001,5175.83,Expenditures - Dept 57 - Culture & Rec,5. Expense
001,0,Expenditures - Dept 57 - Culture & Rec,5. Expense
001,0,Expenditures - Dept 57 - Culture & Rec,5. Expense
001,0,Expenditures - Dept 57 - Culture & Rec,5. Expense
001,250,Expenditures - Dept 57 - Culture & Rec,5. Expense
001,20023.6,Expenditures - Dept 57 - Culture & Rec,5. Expense
001,4322.49,Expenditures - Dept 57 - Culture & Rec,5. Expense
001,11802.85,Expenditures - Dept 57 - Culture & Rec,5. Expense
001,11812.87,Expenditures - Dept 57 - Culture & Rec,5. Expense
001,1105.26,Expenditures - Dept 57 - Culture & Rec,5. Expense
001,3835.15,Expenditures - Dept 57 - Culture & Rec,5. Expense
001,0,Expenditures - Dept 57 - Culture & Rec,5. Expense
001,6250.93,Expenditures - Dept 57 - Culture & Rec,5. Expense
001,3836.85,Expenditures - Dept 57 - Culture & Rec,5. Expense
001,5850,Expenditures - Dept 57 - Culture & Rec,5. Expense
001,0,Expenditures - Dept 57 - Culture & Rec,5. Expense
001,4346.5,Expenditures - Dept 57 - Culture & Rec,5. Expense
001,0,Expenditures - Dept 57 - Culture & Rec,5. Expense
001,0,Expenditures - Dept 57 - Culture & Rec,5. Expense
001,0,Transfers out,6.1 Transfers Out
001,0,Transfers out,6.1 Transfers Out
001,0,Transfers out,6.1 Transfers Out
001,0,Expenditures - Dept 57 - Culture & Rec,5. Expense
001,0,Expenditures - Dept 57 - Culture & Rec,5. Expense
001,0,Expenditures - Dept 57 - Culture & Rec,5. Expense
118,0,Unrestricted Cash,1. Asset
118,447876.94,Interfund Balances R,1.1 Asset  - Interfund
118,0.28,Interfund Balances R,1.1 Asset  - Interfund
118,25055.8,Interfund Balances R,1.1 Asset  - Interfund
118,794143.98,Interfund Balances R,1.1 Asset  - Interfund
118,50111.84,Interfund Balances R,1.1 Asset  - Interfund
118,25055.92,Interfund Balances R,1.1 Asset  - Interfund
118,195101.42,Prepaids and Other,1. Asset
118,-6842,Accounts Payable,2. Liability
118,0,Accounts Payable,2. Liability
118,-3775870.57,Interfund Balances P,2.1 Interfund Payable
118,0,Interfund Balances P,2.1 Interfund Payable
118,-0.04,Interfund Balances P,2.1 Interfund Payable
118,0,Interfund Balances P,2.1 Interfund Payable
118,-2331041.96,Beg Fund Balances,3.1 Equity Budget
118,2331041.96,Beg Fund Balances,3.1 Equity Budget
118,1081.28,Beg Fund Balances,3.2 Equity Encumbance
118,0,Beg Fund Balances,3.2 Equity Encumbance
118,-1081.28,Beg Fund Balances,3.2 Equity Encumbance
118,-68058.15,Beg Fund Balances,3. Equity
118,0,Beg Fund Balances,3.1 Equity Budget
118,-24918.17,Beg Fund Balances,3. Equity
118,0,Debt proceeds,4. Revenue
118,0,Expenditures - Dept 51 - General Gov,5. Expense
118,0,Expenditures - Dept 51 - General Gov,5. Expense
118,0,Expenditures - Dept 51 - General Gov,5. Expense
118,1096.59,Expenditures - Dept 51 - General Gov,5. Expense
118,0,Expenditures - Dept 51 - General Gov,5. Expense
118,24143.26,Expenditures - Dept 51 - General Gov,5. Expense
118,0,Expenditures - Dept 51 - General Gov,5. Expense
118,6368.8,Expenditures - Dept 51 - General Gov,5. Expense
118,0,Expenditures - Dept 51 - General Gov,5. Expense
118,10543.76,Expenditures - Dept 51 - General Gov,5. Expense
118,0,Expenditures - Dept 51 - General Gov,5. Expense
118,100000,Expenditures - Dept 51 - General Gov,5. Expense
118,0,Expenditures - Dept 51 - General Gov,5. Expense
118,0,Expenditures - Dept 51 - General Gov,5. Expense
118,2115843.79,Expenditures - Dept 51 - General Gov,5. Expense
118,80346.55,Expenditures - Dept 51 - General Gov,5. Expense
119,0,Unrestricted Cash,1. Asset
119,249763.16,Interfund Balances R,1.1 Asset  - Interfund
119,0.04,Interfund Balances R,1.1 Asset  - Interfund
119,13739.23,Interfund Balances R,1.1 Asset  - Interfund
119,69513.41,Interfund Balances R,1.1 Asset  - Interfund
119,13875.42,Interfund Balances R,1.1 Asset  - Interfund
119,13875.42,Interfund Balances R,1.1 Asset  - Interfund
119,829.6,Prepaids and Other,1. Asset
119,-18097.07,Accounts Payable,2. Liability
119,-814760.38,Interfund Balances P,2.1 Interfund Payable
119,-0.04,Interfund Balances P,2.1 Interfund Payable
119,0,Interfund Balances P,2.1 Interfund Payable
119,0,Interfund Balances P,2.1 Interfund Payable
119,-502057.2,Beg Fund Balances,3.1 Equity Budget
119,502057.2,Beg Fund Balances,3.1 Equity Budget
119,13268.99,Beg Fund Balances,3.2 Equity Encumbance
119,0,Beg Fund Balances,3.2 Equity Encumbance
119,-13268.99,Beg Fund Balances,3.2 Equity Encumbance
119,150828.62,Beg Fund Balances,3. Equity
119,0,Beg Fund Balances,3.1 Equity Budget
119,-130448.49,Beg Fund Balances,3. Equity
119,0,Transfers In,4. Revenue
119,80750.01,Expenditures - Dept 51 - General Gov,5. Expense
119,65706.13,Expenditures - Dept 51 - General Gov,5. Expense
119,9631.36,Expenditures - Dept 51 - General Gov,5. Expense
119,11025.33,Expenditures - Dept 51 - General Gov,5. Expense
119,19654.08,Expenditures - Dept 51 - General Gov,5. Expense
119,12818,Expenditures - Dept 51 - General Gov,5. Expense
119,96723.07,Expenditures - Dept 51 - General Gov,5. Expense
119,17668.77,Expenditures - Dept 51 - General Gov,5. Expense
119,0,Expenditures - Dept 51 - General Gov,5. Expense
119,0,Expenditures - Dept 51 - General Gov,5. Expense
119,0,Expenditures - Dept 51 - General Gov,5. Expense
119,226.34,Expenditures - Dept 51 - General Gov,5. Expense
119,3849.71,Expenditures - Dept 51 - General Gov,5. Expense
119,103165.39,Expenditures - Dept 51 - General Gov,5. Expense
119,23106.34,Expenditures - Dept 51 - General Gov,5. Expense
119,6556.55,Expenditures - Dept 51 - General Gov,5. Expense
119,0,Expenditures - Dept 51 - General Gov,5. Expense
165,264733.97,Unrestricted Cash,1. Asset
165,0,Unrestricted Cash,1. Asset
165,0,Unrestricted Cash,1. Asset
165,0,Unrestricted Cash,1. Asset
165,0,Unrestricted Cash,1. Asset
165,410528.82,Interfund Balances R,1.1 Asset  - Interfund
165,0,Interfund Balances R,1.1 Asset  - Interfund
165,0,Interfund Balances R,1.1 Asset  - Interfund
165,0,Interfund Balances R,1.1 Asset  - Interfund
165,0,Intergovernmental Rec,1. Asset
165,0,Prepaids and Other,1. Asset
165,0,Accounts Payable,2. Liability
165,0,Accounts Payable,2. Liability
165,23.73,Interfund Balances P,2.1 Interfund Payable
165,0,Interfund Balances P,2.1 Interfund Payable
165,0,Interfund Balances P,2.1 Interfund Payable
165,-150,Interfund Balances P,2.1 Interfund Payable
165,0,Interfund Balances P,2.1 Interfund Payable
165,-11704.54,Beg Fund Balances,3.1 Equity Budget
165,11704.54,Beg Fund Balances,3.1 Equity Budget
165,1500,Beg Fund Balances,3.2 Equity Encumbance
165,-1500,Beg Fund Balances,3.2 Equity Encumbance
165,-153923.45,Beg Fund Balances,3. Equity
165,0,Beg Fund Balances,3.1 Equity Budget
165,-513914.53,Beg Fund Balances,3. Equity
165,-2394.54,Intergovernmental,4. Revenue
165,-9310,Charges for Services,4. Revenue
165,0,Interest,4. Revenue
165,0,Other,4. Revenue
165,0,Other,4. Revenue
165,0,Transfer In,6. Transfers In
165,0,Transfers In,4. Revenue
165,4406,Expenditures - Dept 52 - Public Safety,5. Expense
165,0,Expenditures - Dept 52 - Public Safety,5. Expense
165,0,Expenditures - Dept 52 - Public Safety,5. Expense
165,0,Expenditures - Dept 52 - Public Safety,5. Expense
165,0,Expenditures - Dept 57 - Culture & Rec,5. Expense
167,0,Unrestricted Cash,1. Asset
167,0,Interfund Balances R,1.1 Asset  - Interfund
167,0,Interfund Balances R,1.1 Asset  - Interfund
167,0,Prepaids and Other,1. Asset
167,0,Accounts Payable,2. Liability
167,0,Interfund Balances P,2.1 Interfund Payable
167,0,Interfund Balances P,2.1 Interfund Payable
167,0,Interfund Balances P,2.1 Interfund Payable
167,0,Beg Fund Balances,3.1 Equity Budget
167,0,Beg Fund Balances,3.1 Equity Budget
167,0,Beg Fund Balances,3.2 Equity Encumbance
167,0,Beg Fund Balances,3.2 Equity Encumbance
167,0,Beg Fund Balances,3.1 Equity Budget
167,0,Beg Fund Balances,3. Equity
167,0,Interest,4. Revenue
167,0,Other,4. Revenue
167,0,Transfers In,4. Revenue
169,0,Unrestricted Cash,1. Asset
169,0,Unrestricted Cash,1. Asset
169,0,Interfund Balances R,1.1 Asset  - Interfund
169,0,Interfund Balances R,1.1 Asset  - Interfund
169,0,Interfund Balances R,1.1 Asset  - Interfund
169,0,Intergovernmental Rec,1. Asset
169,0,Accounts Payable,2. Liability
169,0,Accounts Payable,2. Liability
169,0,Interfund Balances P,2.1 Interfund Payable
169,0,Interfund Balances P,2.1 Interfund Payable
169,0,Interfund Balances P,2.1 Interfund Payable
169,0,Intergovernmental Payables,2. Liability
169,0,Intergovernmental Payables,2. Liability
169,0,Deferred Revenue,2. Liability
169,0,Beg Fund Balances,3.1 Equity Budget
169,0,Beg Fund Balances,3.1 Equity Budget
169,0,Beg Fund Balances,3.2 Equity Encumbance
169,0,Beg Fund Balances,3.2 Equity Encumbance
169,0,Beg Fund Balances,3.1 Equity Budget
169,0,Beg Fund Balances,3. Equity
169,0,Intergovernmental,4. Revenue
169,0,Intergovernmental,4. Revenue
169,0,Interest,4. Revenue
169,0,Other,4. Revenue
169,0,Transfer In,6. Transfers In
169,0,Transfers In,4. Revenue
171,0,Unrestricted Cash,1. Asset
171,0,Interfund Balances R,1.1 Asset  - Interfund
171,0,Interfund Balances R,1.1 Asset  - Interfund
171,0,Intergovernmental Rec,1. Asset
171,0,Accounts Payable,2. Liability
171,0,Interfund Balances P,2.1 Interfund Payable
171,0,Interfund Balances P,2.1 Interfund Payable
171,0,Interfund Balances P,2.1 Interfund Payable
171,0,Interfund Balances P,2.1 Interfund Payable
171,0,Accrued Expenses and Other Payables,2. Liability
171,0,Accrued Expenses and Other Payables,2. Liability
171,0,Long Term Debt,2. Liability
171,0,Long Term Debt,2. Liability
171,0,Beg Fund Balances,3.1 Equity Budget
171,0,Beg Fund Balances,3.1 Equity Budget
171,0,Beg Fund Balances,3.2 Equity Encumbance
171,0,Beg Fund Balances,3.2 Equity Encumbance
171,0,Beg Fund Balances,3.1 Equity Budget
171,0,Beg Fund Balances,3. Equity
171,0,Intergovernmental,4. Revenue
171,0,Intergovernmental,4. Revenue
171,0,Other,4. Revenue
171,0,Transfers In,4. Revenue
172,0,Unrestricted Cash,1. Asset
172,0,Interfund Balances R,1.1 Asset  - Interfund
172,0,Interfund Balances R,1.1 Asset  - Interfund
172,0,Intergovernmental Rec,1. Asset
172,0,Intergovernmental Rec,1. Asset
172,0,Intergovernmental Rec,1. Asset
172,0,Accounts Payable,2. Liability
172,0,Interfund Balances P,2.1 Interfund Payable
172,0,Interfund Balances P,2.1 Interfund Payable
172,0,Interfund Balances P,2.1 Interfund Payable
172,0,Interfund Balances P,2.1 Interfund Payable
172,0,Intergovernmental Payables,2. Liability
172,0,Accrued Expenses and Other Payables,2. Liability
172,0,Accrued Expenses and Other Payables,2. Liability
172,0,Accrued Expenses and Other Payables,2. Liability
172,0,Beg Fund Balances,3.1 Equity Budget
172,0,Beg Fund Balances,3.1 Equity Budget
172,0,Beg Fund Balances,3.2 Equity Encumbance
172,0,Beg Fund Balances,3.2 Equity Encumbance
172,-61.39,Beg Fund Balances,3. Equity
172,0,Beg Fund Balances,3.1 Equity Budget
172,61.39,Beg Fund Balances,3. Equity
172,0,Intergovernmental,4. Revenue
172,0,Intergovernmental,4. Revenue
172,0,Intergovernmental,4. Revenue
172,0,Charges for Services,4. Revenue
172,0,Other,4. Revenue
172,0,Transfer In,6. Transfers In
172,0,Transfer In,6. Transfers In
172,0,Transfers In,4. Revenue
173,0,Unrestricted Cash,1. Asset
173,0,Interfund Balances R,1.1 Asset  - Interfund
173,0,Accounts Payable,2. Liability
173,0,Interfund Balances P,2.1 Interfund Payable
173,0,Interfund Balances P,2.1 Interfund Payable
173,0,Beg Fund Balances,3.1 Equity Budget
173,0,Beg Fund Balances,3.1 Equity Budget
173,0,Beg Fund Balances,3.2 Equity Encumbance
173,0,Beg Fund Balances,3.2 Equity Encumbance
173,0,Beg Fund Balances,3.1 Equity Budget
173,0,Beg Fund Balances,3. Equity
173,0,Transfer In,6. Transfers In
174,0,Unrestricted Cash,1. Asset
174,0,Interfund Balances R,1.1 Asset  - Interfund
174,0,Interfund Balances R,1.1 Asset  - Interfund
174,0,Intergovernmental Rec,1. Asset
174,0,Accounts Payable,2. Liability
174,0,Interfund Balances P,2.1 Interfund Payable
174,0,Interfund Balances P,2.1 Interfund Payable
174,0,Accrued Expenses and Other Payables,2. Liability
174,0,Beg Fund Balances,3.1 Equity Budget
174,0,Beg Fund Balances,3.1 Equity Budget
174,0,Beg Fund Balances,3.2 Equity Encumbance
174,0,Beg Fund Balances,3.2 Equity Encumbance
174,0,Beg Fund Balances,3.1 Equity Budget
174,0,Beg Fund Balances,3. Equity
174,0,Intergovernmental,4. Revenue
174,0,Transfer In,6. Transfers In
176,105100,Unrestricted Cash,1. Asset
176,2003576.85,Interfund Balances R,1.1 Asset  - Interfund
176,0,Interfund Balances R,1.1 Asset  - Interfund
176,0,Interfund Balances R,1.1 Asset  - Interfund
176,34516.78,Interfund Balances R,1.1 Asset  - Interfund
176,0,Interfund Balances R,1.1 Asset  - Interfund
176,0,Interfund Balances R,1.1 Asset  - Interfund
176,0,Intergovernmental Rec,1. Asset
176,1995719.91,Intergovernmental Rec,1. Asset
176,974.15,Intergovernmental Rec,1. Asset
176,-16460.82,Accounts Payable,2. Liability
176,0,Accounts Payable,2. Liability
176,0,Accounts Payable,2. Liability
176,-2059728.79,Interfund Balances P,2.1 Interfund Payable
176,0,Interfund Balances P,2.1 Interfund Payable
176,-72006,Interfund Balances P,2.1 Interfund Payable
176,-532893.66,Interfund Balances P,2.1 Interfund Payable
176,-285336.51,Interfund Balances P,2.1 Interfund Payable
176,-117551,Interfund Balances P,2.1 Interfund Payable
176,-229.05,Accrued Expenses and Other Payables,2. Liability
176,-210387.78,Beg Fund Balances,3.1 Equity Budget
176,210387.78,Beg Fund Balances,3.1 Equity Budget
176,0,Beg Fund Balances,3.2 Equity Encumbance
176,0,Beg Fund Balances,3.2 Equity Encumbance
176,352577.05,Beg Fund Balances,3. Equity
176,0,Beg Fund Balances,3.1 Equity Budget
176,-1393847.25,Beg Fund Balances,3. Equity
176,0,Property taxes,4. Revenue
176,0,Property taxes,4. Revenue
176,0,"Local option, use and fuel taxes",4. Revenue
176,0,"Local option, use and fuel taxes",4. Revenue
176,0,Intergovernmental,4. Revenue
176,-1012246.42,Intergovernmental,4. Revenue
176,0,Intergovernmental,4. Revenue
176,0,Other,4. Revenue
176,0,Transfer In,6. Transfers In
176,0,Expenditures - Dept 54 - Transportation,5. Expense
176,952.54,Expenditures - Dept 54 - Transportation,5. Expense
176,801859.14,Expenditures - Dept 54 - Transportation,5. Expense
176,195023.08,Expenditures - Dept 54 - Transportation,5. Expense
176,0,Expenditures - Dept 54 - Transportation,5. Expense
176,0,Expenditures - Dept 54 - Transportation,5. Expense
176,0,Expenditures - Dept 54 - Transportation,5. Expense
177,0,Unrestricted Cash,1. Asset
177,0,Interfund Balances R,1.1 Asset  - Interfund
177,0,Interfund Balances R,1.1 Asset  - Interfund
177,0,Interfund Balances R,1.1 Asset  - Interfund
177,0,Interfund Balances R,1.1 Asset  - Interfund
177,0,Interfund Balances R,1.1 Asset  - Interfund
177,0,Buildings Net,1. Asset
177,0,Accounts Payable,2. Liability
177,0,Interfund Balances P,2.1 Interfund Payable
177,0,Interfund Balances P,2.1 Interfund Payable
177,0,Interfund Balances P,2.1 Interfund Payable
177,0,Interfund Balances P,2.1 Interfund Payable
177,0,Deferred Revenue,2. Liability
177,0,Beg Fund Balances,3.1 Equity Budget
177,0,Beg Fund Balances,3.1 Equity Budget
177,0,Beg Fund Balances,3.2 Equity Encumbance
177,0,Beg Fund Balances,3.2 Equity Encumbance
177,0,Beg Fund Balances,3.1 Equity Budget
177,0,Beg Fund Balances,3. Equity
177,0,Intergovernmental,4. Revenue
177,0,Other,4. Revenue
177,0,Transfer In,6. Transfers In
178,0,Unrestricted Cash,1. Asset
178,0,Interfund Balances R,1.1 Asset  - Interfund
178,0,Interfund Balances R,1.1 Asset  - Interfund
178,0,Interfund Balances R,1.1 Asset  - Interfund
178,0,Interfund Balances R,1.1 Asset  - Interfund
178,0,Intergovernmental Rec,1. Asset
178,0,Accounts Payable,2. Liability
178,0,Interfund Balances P,2.1 Interfund Payable
178,0,Interfund Balances P,2.1 Interfund Payable
178,0,Interfund Balances P,2.1 Interfund Payable
178,0,Interfund Balances P,2.1 Interfund Payable
178,0,Interfund Balances P,2.1 Interfund Payable
178,0,Beg Fund Balances,3.1 Equity Budget
178,0,Beg Fund Balances,3.1 Equity Budget
178,0,Beg Fund Balances,3.2 Equity Encumbance
178,0,Beg Fund Balances,3.2 Equity Encumbance
178,0,Beg Fund Balances,3.1 Equity Budget
178,0,Beg Fund Balances,3. Equity
178,0,Intergovernmental,4. Revenue
178,0,Interest,4. Revenue
178,0,Transfer In,6. Transfers In
179,0,Unrestricted Cash,1. Asset
179,0,Interfund Balances R,1.1 Asset  - Interfund
179,0,Intergovernmental Rec,1. Asset
179,0,Accounts Payable,2. Liability
179,0,Interfund Balances P,2.1 Interfund Payable
179,0,Accrued Expenses and Other Payables,2. Liability
179,0,Deferred Revenue,2. Liability
179,0,Beg Fund Balances,3.1 Equity Budget
179,0,Beg Fund Balances,3.1 Equity Budget
179,0,Beg Fund Balances,3.2 Equity Encumbance
179,0,Beg Fund Balances,3.2 Equity Encumbance
179,0,Beg Fund Balances,3.1 Equity Budget
179,0,Beg Fund Balances,3. Equity
179,0,Intergovernmental,4. Revenue
179,0,Interest,4. Revenue
179,0,Transfer In,6. Transfers In
180,628607.57,Unrestricted Cash,1. Asset
180,499112.32,Interfund Balances R,1.1 Asset  - Interfund
180,72006,Interfund Balances R,1.1 Asset  - Interfund
180,0,Interfund Balances R,1.1 Asset  - Interfund
180,-2000,Accounts Payable,2. Liability
180,0,Accounts Payable,2. Liability
180,-72924.24,Interfund Balances P,2.1 Interfund Payable
180,-25055.69,Interfund Balances P,2.1 Interfund Payable
180,-13739.09,Interfund Balances P,2.1 Interfund Payable
180,0,Interfund Balances P,2.1 Interfund Payable
180,-5000,Interfund Balances P,2.1 Interfund Payable
180,-740,Accrued Expenses and Other Payables,2. Liability
180,-527613,Beg Fund Balances,3.1 Equity Budget
180,527613,Beg Fund Balances,3.1 Equity Budget
180,175,Beg Fund Balances,3.2 Equity Encumbance
180,-175,Beg Fund Balances,3.2 Equity Encumbance
180,-129111.33,Beg Fund Balances,3. Equity
180,0,Beg Fund Balances,3.1 Equity Budget
180,-229624.61,Beg Fund Balances,3. Equity
180,-610013.67,Property taxes,4. Revenue
180,-173890,Property taxes,4. Revenue
180,0,Intergovernmental,4. Revenue
180,0,Intergovernmental,4. Revenue
180,0,Transfer In,6. Transfers In
180,0,Transfer In,6. Transfers In
180,14798.09,Expenditures - Dept 51 - General Gov,5. Expense
180,22516.81,Expenditures - Dept 51 - General Gov,5. Expense
180,2724.43,Expenditures - Dept 51 - General Gov,5. Expense
180,2158.41,Expenditures - Dept 51 - General Gov,5. Expense
180,0,Expenditures - Dept 51 - General Gov,5. Expense
180,2500,Expenditures - Dept 51 - General Gov,5. Expense
180,0,Expenditures - Dept 51 - General Gov,5. Expense
180,17500,Expenditures - Dept 51 - General Gov,5. Expense
180,175,Expenditures - Dept 51 - General Gov,5. Expense
180,0,Expenditures - Dept 51 - General Gov,5. Expense
180,0,Expenditures - Dept 51 - General Gov,5. Expense
180,0,Expenditures - Dept 51 - General Gov,5. Expense
180,0,Expenditures - Dept 51 - General Gov,5. Expense
180,0,Expenditures - Dept 51 - General Gov,5. Expense
180,0,Expenditures - Dept 51 - General Gov,5. Expense
180,0,Expenditures - Dept 51 - General Gov,5. Expense
180,0,Expenditures - Dept 51 - General Gov,5. Expense
180,0,Expenditures - Dept 51 - General Gov,5. Expense
180,0,Expenditures - Dept 57 - Culture & Rec,5. Expense
220,0,Unrestricted Cash,1. Asset
220,0,Unrestricted Cash,1. Asset
220,0,Unrestricted Cash,1. Asset
220,0,Unrestricted Cash,1. Asset
220,0,AR Net,1. Asset
220,0,AR Net,1. Asset
220,0,Interfund Balances R,1.1 Asset  - Interfund
220,0,Interfund Balances R,1.1 Asset  - Interfund
220,0,Interfund Balances R,1.1 Asset  - Interfund
220,0,Interfund Balances R,1.1 Asset  - Interfund
220,0,Accounts Payable,2. Liability
220,0,Beg Fund Balances,3.1 Equity Budget
220,0,Beg Fund Balances,3.1 Equity Budget
220,0,Beg Fund Balances,3.2 Equity Encumbance
220,0,Beg Fund Balances,3.2 Equity Encumbance
220,0,Beg Fund Balances,3. Equity
220,0,Beg Fund Balances,3.1 Equity Budget
220,0,Beg Fund Balances,3. Equity
230,0,Unrestricted Cash,1. Asset
230,0,Unrestricted Cash,1. Asset
230,0,Unrestricted Cash,1. Asset
230,0,Unrestricted Cash,1. Asset
230,0,Unrestricted Cash,1. Asset
230,0,Unrestricted Cash,1. Asset
230,0,Unrestricted Cash,1. Asset
230,215560.86,Restricted Cash,1. Asset
230,177049.62,Restricted Cash,1. Asset
230,0,Unrestricted Cash,1. Asset
230,43601.47,Restricted Cash,1. Asset
230,0,Unrestricted Cash,1. Asset
230,4009292.24,Restricted Cash,1. Asset
230,0,AR Net,1. Asset
230,108372.06,AR Net,1. Asset
230,6724167.25,Interfund Balances R,1.1 Asset  - Interfund
230,0,Interfund Balances R,1.1 Asset  - Interfund
230,0,Interfund Balances R,1.1 Asset  - Interfund
230,246488.11,Interfund Balances R,1.1 Asset  - Interfund
230,0,Intergovernmental Rec,1. Asset
230,0,Prepaids and Other,1. Asset
230,0,Accounts Payable,2. Liability
230,0,Accounts Payable,2. Liability
230,-3443310.98,Interfund Balances P,2.1 Interfund Payable
230,0,Interfund Balances P,2.1 Interfund Payable
230,-8007.27,Interfund Balances P,2.1 Interfund Payable
230,-31065.82,Accrued Expenses and Other Payables,2. Liability
230,0,Long Term Debt,2. Liability
230,0,Long Term Debt,2. Liability
230,-4299252.11,Beg Fund Balances,3.1 Equity Budget
230,4299252.11,Beg Fund Balances,3.1 Equity Budget
230,0,Beg Fund Balances,3.2 Equity Encumbance
230,0,Beg Fund Balances,3.2 Equity Encumbance
230,-316613.02,Beg Fund Balances,3. Equity
230,934559.61,Beg Fund Balances,3. Equity
230,297202.69,Beg Fund Balances,3.1 Equity Budget
230,-7644074.28,Beg Fund Balances,3. Equity
230,-1463589.95,Utility taxes,4. Revenue
230,-399445.79,Utility taxes,4. Revenue
230,-620432.07,Intergovernmental,4. Revenue
230,-702855.99,Intergovernmental,4. Revenue
230,-32.52,Interest,4. Revenue
230,0,Transfer In,6. Transfers In
230,0,Debt proceeds,4. Revenue
230,0,Debt proceeds,4. Revenue
230,0,Transfer In,6. Transfers In
230,0,Transfer In,6. Transfers In
230,527000,Expenditures - Dept 51 - General Gov,5. Expense
230,243389.94,Expenditures - Dept 51 - General Gov,5. Expense
230,159956.84,Expenditures - Dept 51 - General Gov,5. Expense
230,279822.89,Expenditures - Dept 51 - General Gov,5. Expense
230,0,Expenditures - Dept 51 - General Gov,5. Expense
230,654956.84,Transfers out,6.1 Transfers Out
230,6901.83,Expenditures - Dept 51 - General Gov,5. Expense
230,1105.44,Expenditures - Dept 51 - General Gov,5. Expense
230,0,Expenditures - Dept 57 - Culture & Rec,5. Expense
230,0,Expenditures - Dept 57 - Culture & Rec,5. Expense
310,0,Unrestricted Cash,1. Asset
310,0,Unrestricted Cash,1. Asset
310,0,Interfund Balances R,1.1 Asset  - Interfund
310,0,Interfund Balances R,1.1 Asset  - Interfund
310,0,Prepaids and Other,1. Asset
310,0,Prepaids and Other,1. Asset
310,0,Accounts Payable,2. Liability
310,0,Interfund Balances P,2.1 Interfund Payable
310,0,Interfund Balances P,2.1 Interfund Payable
310,0,Interfund Balances P,2.1 Interfund Payable
310,0,Interfund Balances P,2.1 Interfund Payable
310,0,Interfund Balances P,2.1 Interfund Payable
310,0,Interfund Balances P,2.1 Interfund Payable
310,0,Interfund Balances P,2.1 Interfund Payable
310,0,Interfund Balances P,2.1 Interfund Payable
310,0,Beg Fund Balances,3.1 Equity Budget
310,0,Beg Fund Balances,3.1 Equity Budget
310,0,Beg Fund Balances,3.2 Equity Encumbance
310,0,Beg Fund Balances,3.2 Equity Encumbance
310,0,Beg Fund Balances,3. Equity
310,0,Beg Fund Balances,3. Equity
310,0,Beg Fund Balances,3.1 Equity Budget
310,0,Beg Fund Balances,3. Equity
310,0,Interest,4. Revenue
310,0,Other,4. Revenue
310,0,Transfers In,4. Revenue
320,147936.74,Unrestricted Cash,1. Asset
320,69104.28,Restricted Cash,1. Asset
320,891486.25,Interfund Balances R,1.1 Asset  - Interfund
320,0,Interfund Balances R,1.1 Asset  - Interfund
320,532893.66,Interfund Balances R,1.1 Asset  - Interfund
320,0,Interfund Balances R,1.1 Asset  - Interfund
320,0,Interfund Balances R,1.1 Asset  - Interfund
320,645405.9,Interfund Balances R,1.1 Asset  - Interfund
320,536181.92,Interfund Balances R,1.1 Asset  - Interfund
320,0,Intergovernmental Rec,1. Asset
320,100000,Intergovernmental Rec,1. Asset
320,0,Intergovernmental Rec,1. Asset
320,0,Infrastructure Net,1. Asset
320,0,Accounts Payable,2. Liability
320,0,Accounts Payable,2. Liability
320,-221287.3,Accounts Payable,2. Liability
320,-2477527.26,Interfund Balances P,2.1 Interfund Payable
320,-34516.78,Interfund Balances P,2.1 Interfund Payable
320,0,Interfund Balances P,2.1 Interfund Payable
320,0,Interfund Balances P,2.1 Interfund Payable
320,-1005.04,Deferred Revenue,2. Liability
320,-457145.12,Beg Fund Balances,3.1 Equity Budget
320,457145.12,Beg Fund Balances,3.1 Equity Budget
320,57807.56,Beg Fund Balances,3.2 Equity Encumbance
320,-57807.56,Beg Fund Balances,3.2 Equity Encumbance
320,-138018.56,Beg Fund Balances,3. Equity
320,-645037.32,Beg Fund Balances,3. Equity
320,-1.04,Beg Fund Balances,3.1 Equity Budget
320,867619.14,Beg Fund Balances,3. Equity
320,-236982.89,"Local option, use and fuel taxes",4. Revenue
320,-79937.97,"Local option, use and fuel taxes",4. Revenue
320,0,Intergovernmental,4. Revenue
320,0,Intergovernmental,4. Revenue
320,0,Intergovernmental,4. Revenue
320,0,Intergovernmental,4. Revenue
320,0,Intergovernmental,4. Revenue
320,0,Intergovernmental,4. Revenue
320,0,Intergovernmental,4. Revenue
320,0,Intergovernmental,4. Revenue
320,0,Intergovernmental,4. Revenue
320,0,Intergovernmental,4. Revenue
320,0,Intergovernmental,4. Revenue
320,0,Intergovernmental,4. Revenue
320,0,Intergovernmental,4. Revenue
320,0,Interest,4. Revenue
320,0,Other,4. Revenue
320,0,Transfer In,6. Transfers In
320,0,Transfer In,6. Transfers In
320,0,Transfer In,6. Transfers In
320,0,Transfer In,6. Transfers In
320,0,Transfers In,4. Revenue
320,0,Debt proceeds,4. Revenue
320,0,Debt proceeds,4. Revenue
320,0,Expenditures - Dept 54 - Transportation,5. Expense
320,0,Expenditures - Dept 54 - Transportation,5. Expense
320,43686.27,Expenditures - Dept 54 - Transportation,5. Expense
320,0,Expenditures - Dept 54 - Transportation,5. Expense
320,0,Expenditures - Dept 54 - Transportation,5. Expense
320,0,Expenditures - Dept 54 - Transportation,5. Expense
320,0,Expenditures - Dept 54 - Transportation,5. Expense
320,0,Expenditures - Dept 54 - Transportation,5. Expense
410,0,Unrestricted Cash,1. Asset
410,0,Unrestricted Cash,1. Asset
410,0,AR Net,1. Asset
410,0,AR Net,1. Asset
410,0,AR Net,1. Asset
410,1647571.63,Interfund Balances R,1.1 Asset  - Interfund
410,150,Interfund Balances R,1.1 Asset  - Interfund
410,0,Interfund Balances R,1.1 Asset  - Interfund
410,0,Interfund Balances R,1.1 Asset  - Interfund
410,0,Interfund Balances R,1.1 Asset  - Interfund
410,43996.01,Interfund Balances R,1.1 Asset  - Interfund
410,0,Interfund Balances R,1.1 Asset  - Interfund
410,0,Intergovernmental Rec,1. Asset
410,-122778.1,Furniture and Equipment,1. Asset
410,-343688.28,Furniture and Equipment,1. Asset
410,122778.66,Furniture and Equipment,1. Asset
410,343687.2,Furniture and Equipment,1. Asset
410,0,Furniture and Equipment,1. Asset
410,0,Furniture and Equipment,1. Asset
410,0,Accounts Payable,2. Liability
410,0,Accounts Payable,2. Liability
410,-417629.62,Interfund Balances P,2.1 Interfund Payable
410,0,Interfund Balances P,2.1 Interfund Payable
410,-1231436.79,Interfund Balances P,2.1 Interfund Payable
410,0,Intergovernmental Payables,2. Liability
410,0,Compensated Absences,2. Liability
410,0,Accrued Expenses and Other Payables,2. Liability
410,0,Accrued Expenses and Other Payables,2. Liability
410,0,Accrued Expenses and Other Payables,2. Liability
410,0,Accrued Expenses and Other Payables,2. Liability
410,12099.88,Deposits,2. Liability
410,-76243.5,Deposits,2. Liability
410,0,Deposits,2. Liability
410,0,Long Term Debt,2. Liability
410,0,Long Term Debt,2. Liability
410,0,Long Term Debt,2. Liability
410,0,Beg Fund Balances,3.1 Equity Budget
410,0,Beg Fund Balances,3.1 Equity Budget
410,6383.88,Beg Fund Balances,3.2 Equity Encumbance
410,0,Beg Fund Balances,3.2 Equity Encumbance
410,0,Beg Fund Balances,3.2 Equity Encumbance
410,0,Beg Fund Balances,3.2 Equity Encumbance
410,-121669,Beg Fund Balances,3. Equity
410,100,Beg Fund Balances,3. Equity
410,-1187193.34,Beg Fund Balances,3. Equity
410,239357.04,Beg Fund Balances,3.1 Equity Budget
410,1338197.05,Beg Fund Balances,3. Equity
410,-252228.72,Beg Fund Balances,3. Equity
410,0,Franchise fees,4. Revenue
410,0,Intergovernmental,4. Revenue
410,0,Charges for Services,4. Revenue
410,0,Charges for Services,4. Revenue
410,0,Interest,4. Revenue
410,0,Other,4. Revenue
410,0,Transfer In,6. Transfers In
410,0,Expenditures - Dept 53 -  Utilities,5. Expense
410,0,Expenditures - Dept 53 -  Utilities,5. Expense
440,-138614.14,Unrestricted Cash,1. Asset
440,0,Unrestricted Cash,1. Asset
440,1241984.55,Restricted Cash,1. Asset
440,0,Unrestricted Cash,1. Asset
440,0,Unrestricted Cash,1. Asset
440,0,Unrestricted Cash,1. Asset
440,79032.75,Restricted Cash,1. Asset
440,0,Unrestricted Cash,1. Asset
440,16267.46,Restricted Cash,1. Asset
440,0,AR Net,1. Asset
440,24418.06,AR Net,1. Asset
440,9420328.96,AR Net,1. Asset
440,0.01,AR Net,1. Asset
440,-5602236.98,AR Net,1. Asset
440,0,AR Net,1. Asset
440,3615318.45,Interfund Balances R,1.1 Asset  - Interfund
440,0,Interfund Balances R,1.1 Asset  - Interfund
440,0,Interfund Balances R,1.1 Asset  - Interfund
440,0,Interfund Balances R,1.1 Asset  - Interfund
440,0,Interfund Balances R,1.1 Asset  - Interfund
440,0,Interfund Balances R,1.1 Asset  - Interfund
440,285336.51,Interfund Balances R,1.1 Asset  - Interfund
440,0,Interfund Balances R,1.1 Asset  - Interfund
440,0,Interfund Balances R,1.1 Asset  - Interfund
440,5000,Interfund Balances R,1.1 Asset  - Interfund
440,8007.27,Interfund Balances R,1.1 Asset  - Interfund
440,0,Interfund Balances R,1.1 Asset  - Interfund
440,0,Interfund Balances R,1.1 Asset  - Interfund
440,1231436.79,Interfund Balances R,1.1 Asset  - Interfund
440,0,Interfund Balances R,1.1 Asset  - Interfund
440,65254.46,Interfund Balances R,1.1 Asset  - Interfund
440,37261.8,Intergovernmental Rec,1. Asset
440,0,Intergovernmental Rec,1. Asset
440,214788.28,Intergovernmental Rec,1. Asset
440,0,Prepaids and Other,1. Asset
440,0,Inventory,1. Asset
440,0,Prepaids and Other,1. Asset
440,0,Prepaids and Other,1. Asset
440,29149.13,Prepaids and Other,1. Asset
440,0,Prepaids and Other,1. Asset
440,0,Prepaids and Other,1. Asset
440,0,Prepaids and Other,1. Asset
440,14762,LAND,1. Asset
440,0,Buildings Net,1. Asset
440,0,Buildings Net,1. Asset
440,0,Infrastructure Net,1. Asset
440,0,Infrastructure Net,1. Asset
440,0,Infrastructure Net,1. Asset
440,-0.03,Infrastructure Net,1. Asset
440,0,Infrastructure Net,1. Asset
440,0,Infrastructure Net,1. Asset
440,0,Buildings Net,1. Asset
440,0,Buildings Net,1. Asset
440,0,Buildings Net,1. Asset
440,-467009.58,Furniture and Equipment,1. Asset
440,-5785067.25,Furniture and Equipment,1. Asset
440,-512.32,Furniture and Equipment,1. Asset
440,-4710464.58,Furniture and Equipment,1. Asset
440,-691651.23,Furniture and Equipment,1. Asset
440,-193528.22,Furniture and Equipment,1. Asset
440,-23937,Furniture and Equipment,1. Asset
440,-128342.13,Furniture and Equipment,1. Asset
440,-42621.54,Furniture and Equipment,1. Asset
440,-2116261.532,Furniture and Equipment,1. Asset
440,-5954886.37,Furniture and Equipment,1. Asset
440,-864021.09,Furniture and Equipment,1. Asset
440,-35805.26,Furniture and Equipment,1. Asset
440,-62171,Furniture and Equipment,1. Asset
440,0,Furniture and Equipment,1. Asset
440,3145227.56,Furniture and Equipment,1. Asset
440,1486945.36,Furniture and Equipment,1. Asset
440,95799.11,Furniture and Equipment,1. Asset
440,165572.28,Furniture and Equipment,1. Asset
440,0,Furniture and Equipment,1. Asset
440,716315.17,Furniture and Equipment,1. Asset
440,120153.65,Furniture and Equipment,1. Asset
440,0,Furniture and Equipment,1. Asset
440,0,Furniture and Equipment,1. Asset
440,0,Furniture and Equipment,1. Asset
440,0,Furniture and Equipment,1. Asset
440,0,Furniture and Equipment,1. Asset
440,0,Furniture and Equipment,1. Asset
440,0,Furniture and Equipment,1. Asset
440,0,Furniture and Equipment,1. Asset
440,0,Furniture and Equipment,1. Asset
440,4501187.49,Construction in Progress,1. Asset
440,5955321.86,Infrastructure Net,1. Asset
440,427683.88,Infrastructure Net,1. Asset
440,10380723.68,Infrastructure Net,1. Asset
440,5055026.38,Infrastructure Net,1. Asset
440,135938.24,Furniture and Equipment,1. Asset
440,1170801.32,DEFERRED OUTFLOW OF RESOURCES,1.2 Deferred Asset
440,-460077.88,Accounts Payable,2. Liability
440,0,Accounts Payable,2. Liability
440,0,Accounts Payable,2. Liability
440,0,Current Debt,2. Liability
440,-96564,Current Debt,2. Liability
440,-123728,Current Debt,2. Liability
440,0,Current Debt,2. Liability
440,-333090,Current Debt,2. Liability
440,-9160,Current Debt,2. Liability
440,-23839,Current Debt,2. Liability
440,-10561,Current Debt,2. Liability
440,-41991,Current Debt,2. Liability
440,-176582.59,Accounts Payable,2. Liability
440,-2541281.77,Interfund Balances P,2.1 Interfund Payable
440,-794143.98,Interfund Balances P,2.1 Interfund Payable
440,-69513.41,Interfund Balances P,2.1 Interfund Payable
440,0,Interfund Balances P,2.1 Interfund Payable
440,0,Interfund Balances P,2.1 Interfund Payable
440,0,Interfund Balances P,2.1 Interfund Payable
440,0,Interfund Balances P,2.1 Interfund Payable
440,0,Interfund Balances P,2.1 Interfund Payable
440,0,Interfund Balances P,2.1 Interfund Payable
440,0,Interfund Balances P,2.1 Interfund Payable
440,-246488.11,Interfund Balances P,2.1 Interfund Payable
440,-645405.9,Interfund Balances P,2.1 Interfund Payable
440,-43996.01,Interfund Balances P,2.1 Interfund Payable
440,-575671.06,Interfund Balances P,2.1 Interfund Payable
440,0,Interfund Balances P,2.1 Interfund Payable
440,0,Intergovernmental Payables,2. Liability
440,0,Intergovernmental Payables,2. Liability
440,0,Intergovernmental Payables,2. Liability
440,-33168.06,Intergovernmental Payables,2. Liability
440,-0.25,Intergovernmental Payables,2. Liability
440,-342249.19,Intergovernmental Payables,2. Liability
440,0,Intergovernmental Payables,2. Liability
440,-71916.74,Compensated Absences,2. Liability
440,-2476.62,Accrued Expenses and Other Payables,2. Liability
440,-8085.52,Accrued Expenses and Other Payables,2. Liability
440,0,Accrued Expenses and Other Payables,2. Liability
440,0,Accrued Expenses and Other Payables,2. Liability
440,0,Accrued Expenses and Other Payables,2. Liability
440,-41941.67,Accrued Expenses and Other Payables,2. Liability
440,-3170334.92,Deposits,2. Liability
440,-2664.63,Deposits,2. Liability
440,-1199.1,Deposits,2. Liability
440,519855.52,Deposits,2. Liability
440,0,Long Term Debt,2. Liability
440,0,Long Term Debt,2. Liability
440,0,Long Term Debt,2. Liability
440,-1070000,Accrued Expenses and Other Payables,2. Liability
440,0,Long Term Debt,2. Liability
440,0,Long Term Debt,2. Liability
440,-254508.5,Long Term Debt,2. Liability
440,-920969.6,Long Term Debt,2. Liability
440,-2469528,Long Term Debt,2. Liability
440,-145883.42,Long Term Debt,2. Liability
440,-409535.96,Long Term Debt,2. Liability
440,-61262.08,Long Term Debt,2. Liability
440,-0.4,Long Term Debt,2. Liability
440,-4659445.67,Long Term Debt,2. Liability
440,0,Long Term Debt,2. Liability
440,-1219291.63,Long Term Debt,2. Liability
440,-10420588.16,Beg Fund Balances,3.1 Equity Budget
440,10420588.16,Beg Fund Balances,3.1 Equity Budget
440,754298.38,Beg Fund Balances,3.2 Equity Encumbance
440,0,Beg Fund Balances,3.2 Equity Encumbance
440,-754298.38,Beg Fund Balances,3.2 Equity Encumbance
440,0,Beg Fund Balances,3.2 Equity Encumbance
440,-57419.66,Beg Fund Balances,3. Equity
440,-100000,Beg Fund Balances,3. Equity
440,-33566.52,Beg Fund Balances,3. Equity
440,0,Beg Fund Balances,3. Equity
440,-371568.04,Beg Fund Balances,3. Equity
440,0,Beg Fund Balances,3. Equity
440,0,Beg Fund Balances,3. Equity
440,-47173,Beg Fund Balances,3. Equity
440,-68275,Beg Fund Balances,3. Equity
440,-2222125.05,Beg Fund Balances,3. Equity
440,-80000,Beg Fund Balances,3. Equity
440,-1609430.58,Beg Fund Balances,3. Equity
440,-2142980.3,Beg Fund Balances,3. Equity
440,-43496.05,Beg Fund Balances,3. Equity
440,-977008.2,Beg Fund Balances,3. Equity
440,330718.86,Beg Fund Balances,3. Equity
440,-383319.38,Beg Fund Balances,3. Equity
440,4967121.75,Beg Fund Balances,3. Equity
440,60,Beg Fund Balances,3.1 Equity Budget
440,-3599945.31,Beg Fund Balances,3. Equity
440,4638647.02,Beg Fund Balances,3. Equity
440,-331074.92,DEFERRED INFLOW OF RESOURCES,2.2 Deferred Liability
440,-65901.12,Intergovernmental,4. Revenue
440,-15750.57,Intergovernmental,4. Revenue
440,0,Intergovernmental,4. Revenue
440,-5594908.76,Charges for Services,4. Revenue
440,0,Charges for Services,4. Revenue
440,-610.64,Charges for Services,4. Revenue
440,-42314.74,Charges for Services,4. Revenue
440,-12433.93,Charges for Services,4. Revenue
440,-1123.1,Charges for Services,4. Revenue
440,-75,Charges for Services,4. Revenue
440,-80,Charges for Services,4. Revenue
440,0,Charges for Services,4. Revenue
440,-300,Charges for Services,4. Revenue
440,-50,Charges for Services,4. Revenue
440,-600,Charges for Services,4. Revenue
440,-2800,Charges for Services,4. Revenue
440,-14784,Charges for Services,4. Revenue
440,0,Charges for Services,4. Revenue
440,-6095348.84,Charges for Services,4. Revenue
440,0,Interest,4. Revenue
440,0,Interest,4. Revenue
440,-23.84,Interest,4. Revenue
440,161631.26,Other,4. Revenue
440,-718914.23,Other,4. Revenue
440,-17395.67,Other,4. Revenue
440,0,Other,4. Revenue
440,-295,Other,4. Revenue
440,-1933.86,Other,4. Revenue
440,0,Transfer In,6. Transfers In
440,0,Transfers In,4. Revenue
440,0,Transfer In,6. Transfers In
440,0,Debt proceeds,4. Revenue
440,0,Debt proceeds,4. Revenue
440,0,Other,4. Revenue
440,0,Expenditures - Dept 51 - General Gov,5. Expense
440,65000,Expenditures - Dept 53 -  Utilities,5. Expense
440,71305.78,Expenditures - Dept 53 -  Utilities,5. Expense
440,9980.16,Expenditures - Dept 53 -  Utilities,5. Expense
440,10397.26,Expenditures - Dept 53 -  Utilities,5. Expense
440,20682.52,Expenditures - Dept 53 -  Utilities,5. Expense
440,21380.48,Expenditures - Dept 53 -  Utilities,5. Expense
440,0,Expenditures - Dept 53 -  Utilities,5. Expense
440,6104.5,Expenditures - Dept 53 -  Utilities,5. Expense
440,495869.98,Expenditures - Dept 53 -  Utilities,5. Expense
440,176.69,Expenditures - Dept 53 -  Utilities,5. Expense
440,84661.54,Expenditures - Dept 53 -  Utilities,5. Expense
440,2413902.12,Expenditures - Dept 53 -  Utilities,5. Expense
440,18210.34,Expenditures - Dept 53 -  Utilities,5. Expense
440,0,Expenditures - Dept 53 -  Utilities,5. Expense
440,0,Expenditures - Dept 53 -  Utilities,5. Expense
440,0,Expenditures - Dept 53 -  Utilities,5. Expense
440,5519.95,Expenditures - Dept 53 -  Utilities,5. Expense
440,0,Expenditures - Dept 53 -  Utilities,5. Expense
440,0,Expenditures - Dept 53 -  Utilities,5. Expense
440,167644.43,Expenditures - Dept 53 -  Utilities,5. Expense
440,2521.6,Expenditures - Dept 53 -  Utilities,5. Expense
440,0,Expenditures - Dept 53 -  Utilities,5. Expense
440,12.6,Expenditures - Dept 53 -  Utilities,5. Expense
440,0,Expenditures - Dept 53 -  Utilities,5. Expense
440,115400.53,Expenditures - Dept 53 -  Utilities,5. Expense
440,0,Expenditures - Dept 53 -  Utilities,5. Expense
440,0,Expenditures - Dept 53 -  Utilities,5. Expense
440,0,Expenditures - Dept 53 -  Utilities,5. Expense
440,-4805.94,Expenditures - Dept 53 -  Utilities,5. Expense
440,0,Expenditures - Dept 53 -  Utilities,5. Expense
440,0,Expenditures - Dept 53 -  Utilities,5. Expense
440,0,Expenditures - Dept 51 - General Gov,5. Expense
440,235519.42,Expenditures - Dept 51 - General Gov,5. Expense
440,0,Expenditures - Dept 51 - General Gov,5. Expense
440,1932.6,Expenditures - Dept 51 - General Gov,5. Expense
440,17456.93,Expenditures - Dept 51 - General Gov,5. Expense
440,133970.08,Expenditures - Dept 51 - General Gov,5. Expense
440,33915.54,Expenditures - Dept 51 - General Gov,5. Expense
440,40241.5,Expenditures - Dept 51 - General Gov,5. Expense
440,306236.1,Expenditures - Dept 51 - General Gov,5. Expense
440,106840.04,Expenditures - Dept 51 - General Gov,5. Expense
440,24098.26,Expenditures - Dept 51 - General Gov,5. Expense
440,0,Expenditures - Dept 51 - General Gov,5. Expense
440,0,Expenditures - Dept 51 - General Gov,5. Expense
440,0,Expenditures - Dept 51 - General Gov,5. Expense
440,0,Expenditures - Dept 51 - General Gov,5. Expense
440,35008.86,Expenditures - Dept 51 - General Gov,5. Expense
440,1601.25,Expenditures - Dept 51 - General Gov,5. Expense
440,0,Expenditures - Dept 51 - General Gov,5. Expense
440,0,Expenditures - Dept 51 - General Gov,5. Expense
440,531900.49,Expenditures - Dept 51 - General Gov,5. Expense
440,3935623.64,Expenditures - Dept 51 - General Gov,5. Expense
440,488693.81,Expenditures - Dept 51 - General Gov,5. Expense
440,0,Expenditures - Dept 51 - General Gov,5. Expense
440,5068.5,Expenditures - Dept 51 - General Gov,5. Expense
440,0,Expenditures - Dept 54 - Transportation,5. Expense
440,0,Expenditures - Dept 54 - Transportation,5. Expense
440,0,Expenditures - Dept 54 - Transportation,5. Expense
440,0,Expenditures - Dept 54 - Transportation,5. Expense
440,61594.78,Expenditures - Dept 54 - Transportation,5. Expense
440,0,Expenditures - Dept 53 -  Utilities,5. Expense
440,108307.01,Expenditures - Dept 54 - Transportation,5. Expense
440,135.14,Expenditures - Dept 54 - Transportation,5. Expense
440,7784.01,Expenditures - Dept 54 - Transportation,5. Expense
440,11758.22,Expenditures - Dept 54 - Transportation,5. Expense
440,36487.2,Expenditures - Dept 54 - Transportation,5. Expense
440,326.06,Expenditures - Dept 54 - Transportation,5. Expense
440,0,Expenditures - Dept 54 - Transportation,5. Expense
440,0,Expenditures - Dept 54 - Transportation,5. Expense
440,0,Expenditures - Dept 54 - Transportation,5. Expense
440,0,Expenditures - Dept 54 - Transportation,5. Expense
440,0,Expenditures - Dept 54 - Transportation,5. Expense
440,8648.64,Expenditures - Dept 54 - Transportation,5. Expense
440,0,Expenditures - Dept 54 - Transportation,5. Expense
440,11.99,Expenditures - Dept 54 - Transportation,5. Expense
440,0,Expenditures - Dept 54 - Transportation,5. Expense
440,0,Expenditures - Dept 54 - Transportation,5. Expense
440,-3871.15,Expenditures - Dept 54 - Transportation,5. Expense
440,3660.25,Expenditures - Dept 53 -  Utilities,5. Expense
440,0,Expenditures - Dept 54 - Transportation,5. Expense
440,0,Expenditures - Dept 54 - Transportation,5. Expense
440,0,Expenditures - Dept 54 - Transportation,5. Expense
440,7902.52,Expenditures - Dept 54 - Transportation,5. Expense
440,10318.54,Expenditures - Dept 54 - Transportation,5. Expense
440,-74213.15,Expenditures - Dept 54 - Transportation,5. Expense
440,53769.99,Expenditures - Dept 54 - Transportation,5. Expense
440,168431.01,Expenditures - Dept 54 - Transportation,5. Expense
440,306.78,Expenditures - Dept 54 - Transportation,5. Expense
440,1418526.15,Expenditures - Dept 54 - Transportation,5. Expense
440,2969.06,Expenditures - Dept 54 - Transportation,5. Expense
440,0,Expenditures - Dept 54 - Transportation,5. Expense
440,0,Expenditures - Dept 54 - Transportation,5. Expense
440,0,Expenditures - Dept 54 - Transportation,5. Expense
440,11880.9,Expenditures - Dept 54 - Transportation,5. Expense
440,3325.13,Expenditures - Dept 54 - Transportation,5. Expense
440,11.97,Expenditures - Dept 54 - Transportation,5. Expense
440,0,Expenditures - Dept 54 - Transportation,5. Expense
440,97.95,Expenditures - Dept 54 - Transportation,5. Expense
440,309.07,Expenditures - Dept 54 - Transportation,5. Expense
440,708.58,Expenditures - Dept 54 - Transportation,5. Expense
440,0,Expenditures - Dept 54 - Transportation,5. Expense
440,67446.07,Expenditures - Dept 54 - Transportation,5. Expense
440,10965,Expenditures - Dept 54 - Transportation,5. Expense
440,0,Expenditures - Dept 54 - Transportation,5. Expense
440,23767.02,Expenditures - Dept 54 - Transportation,5. Expense
440,691410.8218,Expenditures - Dept 54 - Transportation,5. Expense
440,104980.74,Expenditures - Dept 53 -  Utilities,5. Expense
440,45000.01,Expenditures - Dept 53 -  Utilities,5. Expense
440,10216.79,Expenditures - Dept 53 -  Utilities,5. Expense
440,2418.82,Expenditures - Dept 53 -  Utilities,5. Expense
440,7755.19,Expenditures - Dept 53 -  Utilities,5. Expense
440,-49072,Expenditures - Dept 53 -  Utilities,5. Expense
440,0,Expenditures - Dept 53 -  Utilities,5. Expense
440,0,Expenditures - Dept 53 -  Utilities,5. Expense
440,0,Expenditures - Dept 53 -  Utilities,5. Expense
440,125183.69,Expenditures - Dept 53 -  Utilities,5. Expense
440,0,Expenditures - Dept 53 -  Utilities,5. Expense
440,0,Expenditures - Dept 53 -  Utilities,5. Expense
440,0,Expenditures - Dept 53 -  Utilities,5. Expense
440,0,Expenditures - Dept 53 -  Utilities,5. Expense
440,0,Expenditures - Dept 53 -  Utilities,5. Expense
440,0,Expenditures - Dept 53 -  Utilities,5. Expense
440,850,Expenditures - Dept 53 -  Utilities,5. Expense
440,0,Expenditures - Dept 53 -  Utilities,5. Expense
450,1940930.97,Unrestricted Cash,1. Asset
450,0,Unrestricted Cash,1. Asset
450,110000,Restricted Cash,1. Asset
450,0,AR Net,1. Asset
450,1047068.93,AR Net,1. Asset
450,9958.48,AR Net,1. Asset
450,0,AR Net,1. Asset
450,-17263.64,AR Net,1. Asset
450,12723.12,Interfund Balances R,1.1 Asset  - Interfund
450,117551,Interfund Balances R,1.1 Asset  - Interfund
450,0,Interfund Balances R,1.1 Asset  - Interfund
450,575671.06,Interfund Balances R,1.1 Asset  - Interfund
450,38513.75,Intergovernmental Rec,1. Asset
450,0,Prepaids and Other,1. Asset
450,0,Buildings Net,1. Asset
450,-80870.59,Furniture and Equipment,1. Asset
450,-704747.42,Furniture and Equipment,1. Asset
450,167995,Furniture and Equipment,1. Asset
450,349705.03,Furniture and Equipment,1. Asset
450,0,Furniture and Equipment,1. Asset
450,0,Furniture and Equipment,1. Asset
450,289056.11,Construction in Progress,1. Asset
450,80983.03,Infrastructure Net,1. Asset
450,218925,Furniture and Equipment,1. Asset
450,-143809.44,Accounts Payable,2. Liability
450,0,Accounts Payable,2. Liability
450,-38513.74,Accounts Payable,2. Liability
450,-1173085.4,Interfund Balances P,2.1 Interfund Payable
450,-50111.84,Interfund Balances P,2.1 Interfund Payable
450,-13875.42,Interfund Balances P,2.1 Interfund Payable
450,0,Interfund Balances P,2.1 Interfund Payable
450,0,Interfund Balances P,2.1 Interfund Payable
450,-65254.45,Interfund Balances P,2.1 Interfund Payable
450,-28310.88,Compensated Absences,2. Liability
450,-881.11,Accrued Expenses and Other Payables,2. Liability
450,0,Accrued Expenses and Other Payables,2. Liability
450,0,Accrued Expenses and Other Payables,2. Liability
450,-3995.68,Accrued Expenses and Other Payables,2. Liability
450,-0.89,Deposits,2. Liability
450,0,Long Term Debt,2. Liability
450,0,Long Term Debt,2. Liability
450,-530971.64,Long Term Debt,2. Liability
450,-973983.77,Beg Fund Balances,3.1 Equity Budget
450,973983.77,Beg Fund Balances,3.1 Equity Budget
450,85468.79,Beg Fund Balances,3.2 Equity Encumbance
450,0,Beg Fund Balances,3.2 Equity Encumbance
450,-85468.79,Beg Fund Balances,3.2 Equity Encumbance
450,0,Beg Fund Balances,3.2 Equity Encumbance
450,0,Beg Fund Balances,3. Equity
450,-88208.78,Beg Fund Balances,3. Equity
450,288279.65,Beg Fund Balances,3. Equity
450,56581.45,Beg Fund Balances,3.1 Equity Budget
450,37885.03,Beg Fund Balances,3. Equity
450,-1501883.5,Beg Fund Balances,3. Equity
450,0,Intergovernmental,4. Revenue
450,-1535691.01,Charges for Services,4. Revenue
450,0,Interest,4. Revenue
450,0,Other,4. Revenue
450,0,Transfer In,6. Transfers In
450,0,Debt proceeds,4. Revenue
450,2763.6,Expenditures - Dept 54 - Transportation,5. Expense
450,63676.47,Expenditures - Dept 53 -  Utilities,5. Expense
450,0,Expenditures - Dept 53 -  Utilities,5. Expense
450,5606.58,Expenditures - Dept 53 -  Utilities,5. Expense
450,5973.89,Expenditures - Dept 53 -  Utilities,5. Expense
450,10094.89,Expenditures - Dept 53 -  Utilities,5. Expense
450,380,Expenditures - Dept 53 -  Utilities,5. Expense
450,0,Expenditures - Dept 53 -  Utilities,5. Expense
450,474518.13,Expenditures - Dept 53 -  Utilities,5. Expense
450,119.13,Expenditures - Dept 53 -  Utilities,5. Expense
450,0,Expenditures - Dept 53 -  Utilities,5. Expense
450,68938.08,Expenditures - Dept 53 -  Utilities,5. Expense
450,0,Expenditures - Dept 53 -  Utilities,5. Expense
450,0,Expenditures - Dept 53 -  Utilities,5. Expense
450,0,Expenditures - Dept 53 -  Utilities,5. Expense
450,616.99,Expenditures - Dept 53 -  Utilities,5. Expense
450,0,Expenditures - Dept 53 -  Utilities,5. Expense
450,0,Expenditures - Dept 53 -  Utilities,5. Expense
450,0,Expenditures - Dept 53 -  Utilities,5. Expense
450,0,Expenditures - Dept 53 -  Utilities,5. Expense
450,2627.31,Expenditures - Dept 53 -  Utilities,5. Expense
450,0,Expenditures - Dept 53 -  Utilities,5. Expense
450,0,Expenditures - Dept 53 -  Utilities,5. Expense
450,0,Transfers out,6.1 Transfers Out
450,0,Expenditures - Dept 53 -  Utilities,5. Expense
450,0,Expenditures - Dept 53 -  Utilities,5. Expense
450,0,Expenditures - Dept 54 - Transportation,5. Expense
450,332.75,Expenditures - Dept 53 -  Utilities,5. Expense
480,0,Unrestricted Cash,1. Asset
480,0,Accounts Payable,2. Liability
480,0,Beg Fund Balances,3.1 Equity Budget
480,0,Beg Fund Balances,3.1 Equity Budget
480,0,Beg Fund Balances,3.2 Equity Encumbance
480,0,Beg Fund Balances,3.2 Equity Encumbance
480,0,Beg Fund Balances,3.2 Equity Encumbance
480,0,Beg Fund Balances,3.2 Equity Encumbance
480,0,Beg Fund Balances,3.1 Equity Budget
480,0,Beg Fund Balances,3. Equity
480,0,Other,4. Revenue
490,773406.86,Unrestricted Cash,1. Asset
490,0,Unrestricted Cash,1. Asset
490,0,Unrestricted Cash,1. Asset
490,0,Unrestricted Cash,1. Asset
490,536181.92,Restricted Cash,1. Asset
490,0,AR Net,1. Asset
490,59548.53,AR Net,1. Asset
490,194689.04,AR Net,1. Asset
490,-254237.57,AR Net,1. Asset
490,479509.75,Interfund Balances R,1.1 Asset  - Interfund
490,0,Interfund Balances R,1.1 Asset  - Interfund
490,0,Interfund Balances R,1.1 Asset  - Interfund
490,0,Interfund Balances R,1.1 Asset  - Interfund
490,0,Prepaids and Other,1. Asset
490,0,Prepaids and Other,1. Asset
490,156077.67,Prepaids and Other,1. Asset
490,0,Prepaids and Other,1. Asset
490,0,Buildings Net,1. Asset
490,-7633.93,Accounts Payable,2. Liability
490,0,Accounts Payable,2. Liability
490,-1859339.81,Interfund Balances P,2.1 Interfund Payable
490,-25055.92,Interfund Balances P,2.1 Interfund Payable
490,-13875.42,Interfund Balances P,2.1 Interfund Payable
490,-536181.92,Interfund Balances P,2.1 Interfund Payable
490,0,Interfund Balances P,2.1 Interfund Payable
490,-176.8,Intergovernmental Payables,2. Liability
490,0,Intergovernmental Payables,2. Liability
490,0,Intergovernmental Payables,2. Liability
490,0,Accrued Expenses and Other Payables,2. Liability
490,0,Accrued Expenses and Other Payables,2. Liability
490,-12616.04,Deposits,2. Liability
490,0,Long Term Debt,2. Liability
490,0,Long Term Debt,2. Liability
490,0,Long Term Debt,2. Liability
490,0,Long Term Debt,2. Liability
490,0,Long Term Debt,2. Liability
490,-1555782.21,Beg Fund Balances,3.1 Equity Budget
490,1555782.21,Beg Fund Balances,3.1 Equity Budget
490,9720.36,Beg Fund Balances,3.2 Equity Encumbance
490,0,Beg Fund Balances,3.2 Equity Encumbance
490,-9720.36,Beg Fund Balances,3.2 Equity Encumbance
490,0,Beg Fund Balances,3.2 Equity Encumbance
490,-147672.4,Beg Fund Balances,3. Equity
490,315990.12,Beg Fund Balances,3. Equity
490,0,Beg Fund Balances,3.1 Equity Budget
490,-14308.64,Beg Fund Balances,3. Equity
490,0,Beg Fund Balances,3. Equity
490,0,"Local option, use and fuel taxes",4. Revenue
490,0,"Local option, use and fuel taxes",4. Revenue
490,0,Utility taxes,4. Revenue
490,0,Utility taxes,4. Revenue
490,0,Charges for Services,4. Revenue
490,0,Charges for Services,4. Revenue
490,0,Charges for Services,4. Revenue
490,0,Charges for Services,4. Revenue
490,0,Charges for Services,4. Revenue
490,0,Interest,4. Revenue
490,0,Other,4. Revenue
490,0,Other,4. Revenue
490,0,Other,4. Revenue
490,0,Other,4. Revenue
490,0,Other,4. Revenue
490,0,Other,4. Revenue
490,-83235.95,Other,4. Revenue
490,-34375.44,Other,4. Revenue
490,0,Transfer In,6. Transfers In
490,0,Transfers In,4. Revenue
490,0,Transfers In,4. Revenue
490,0,Debt proceeds,4. Revenue
490,1132.74,Expenditures - Dept 51 - General Gov,5. Expense
490,0,Expenditures - Dept 51 - General Gov,5. Expense
490,12296.9,Expenditures - Dept 51 - General Gov,5. Expense
490,66.36,Expenditures - Dept 51 - General Gov,5. Expense
490,935.67,Expenditures - Dept 51 - General Gov,5. Expense
490,0,Expenditures - Dept 51 - General Gov,5. Expense
490,-17.92,Expenditures - Dept 51 - General Gov,5. Expense
490,0,Expenditures - Dept 51 - General Gov,5. Expense
490,175266.83,Expenditures - Dept 51 - General Gov,5. Expense
490,71486.67,Expenditures - Dept 51 - General Gov,5. Expense
490,0,Expenditures - Dept 51 - General Gov,5. Expense
490,0,Expenditures - Dept 51 - General Gov,5. Expense
490,-1132.74,Expenditures - Dept 51 - General Gov,5. Expense
490,213227,Expenditures - Dept 51 - General Gov,5. Expense
490,0,Expenditures - Dept 51 - General Gov,5. Expense
490,0,Expenditures - Dept 51 - General Gov,5. Expense
490,44.44,Expenditures - Dept 51 - General Gov,5. Expense
490,0,Expenditures - Dept 51 - General Gov,5. Expense
490,0,Expenditures - Dept 51 - General Gov,5. Expense
490,0,Transfers out,6.1 Transfers Out
640,0,Prepaids and Other,1. Asset
640,0,Long Term Debt,2. Liability
901,2980457.08,LAND,1. Asset
901,11405373.83,Buildings Net,1. Asset
901,7872003.79,Buildings Net,1. Asset
901,-4664642.96,Infrastructure Net,1. Asset
901,-17175782.56,Infrastructure Net,1. Asset
901,0,Buildings Net,1. Asset
901,221581.21,Buildings Net,1. Asset
901,657338.86,Furniture and Equipment,1. Asset
901,306319.92,Furniture and Equipment,1. Asset
901,-0.08,Furniture and Equipment,1. Asset
901,145557.78,Furniture and Equipment,1. Asset
901,15744.93,Furniture and Equipment,1. Asset
901,2925.48,Furniture and Equipment,1. Asset
901,94186.13,Furniture and Equipment,1. Asset
901,156720.18,Furniture and Equipment,1. Asset
901,1825160.13,Furniture and Equipment,1. Asset
901,10256.11,Furniture and Equipment,1. Asset
901,338484.74,Furniture and Equipment,1. Asset
901,61828.05,Furniture and Equipment,1. Asset
901,8367.19,Furniture and Equipment,1. Asset
901,16210.49,Furniture and Equipment,1. Asset
901,41093.44,Furniture and Equipment,1. Asset
901,21052.12,Furniture and Equipment,1. Asset
901,344790.29,Furniture and Equipment,1. Asset
901,70383.92,Furniture and Equipment,1. Asset
901,65494.38,Furniture and Equipment,1. Asset
901,50694.55,Furniture and Equipment,1. Asset
901,70749.54,Furniture and Equipment,1. Asset
901,-4749810.08,Furniture and Equipment,1. Asset
901,2114944.43,Construction in Progress,1. Asset
901,21648027.52,Infrastructure Net,1. Asset
901,482672.1,Furniture and Equipment,1. Asset
901,-24438182.51,Ending GFAAG and GLTD Fund Balances,3. Equity
951,0,Buildings Net,1. Asset
951,-58510.67,Ending GFAAG and GLTD Fund Balances,3. Equity
951,24274393.82,Ending GFAAG and GLTD Fund Balances,3. Equity
951,6514319.77,DEFERRED OUTFLOW OF RESOURCES,1.2 Deferred Asset
951,-1779210.95,Compensated Absences,2. Liability
951,-331169.65,Accrued Expenses and Other Payables,2. Liability
951,-2340491,Contingencies,2. Liability
951,-5463.2,Long Term Debt,2. Liability
951,-0.06,Long Term Debt,2. Liability
951,-545000,Long Term Debt,2. Liability
951,-3689000,Long Term Debt,2. Liability
951,0,Long Term Debt,2. Liability
951,-2805656.07,Long Term Debt,2. Liability
951,-4565863.26,Long Term Debt,2. Liability
951,-245223.42,Long Term Debt,2. Liability
951,-6201.68,Long Term Debt,2. Liability
951,-207334.17,Long Term Debt,2. Liability
951,-9076098.54,Long Term Debt,2. Liability
951,-112059.4,Beg Fund Balances,3. Equity
951,-5021431.52,DEFERRED INFLOW OF RESOURCES,2.2 Deferred Liability
